ticker,year,IT_lag,OR,IT_lag1,IT_lag2,IT_lag3,IT_lag4,IT_lag5
AAPL,2014,0.6251,0.4384,,,,,
AAPL,2015,0.6468,0.4738,0.6251,,,,
AAPL,2016,0.5443,0.5427,0.6468,0.6251,,,
AAPL,2017,0.6172,0.4971,0.5443,0.6468,0.6251,,
AAPL,2018,0.5039,0.5137,0.6172,0.5443,0.6468,0.6251,
AAPL,2019,0.5922,0.5332,0.5039,0.6172,0.5443,0.6468,0.6251
AAPL,2020,0.5884,0.507,0.5922,0.5039,0.6172,0.5443,0.6468
AAPL,2021,0.5227,0.4838,0.5884,0.5922,0.5039,0.6172,0.5443
AAPL,2022,0.5942,0.4663,0.5227,0.5884,0.5922,0.5039,0.6172
AAPL,2023,0.6121,0.5987,0.5942,0.5227,0.5884,0.5922,0.5039
ABBV,2014,0.3666,0.3784,,,,,
ABBV,2015,0.3389,0.3607,0.3666,,,,
ABBV,2016,0.2926,0.2393,0.3389,0.3666,,,
ABBV,2017,0.3188,0.5154,0.2926,0.3389,0.3666,,
ABBV,2018,0.3051,0.1946,0.3188,0.2926,0.3389,0.3666,
ABBV,2019,0.3625,0.3862,0.3051,0.3188,0.2926,0.3389,0.3666
ABBV,2020,0.3594,0.2928,0.3625,0.3051,0.3188,0.2926,0.3389
ABBV,2021,0.3176,0.3373,0.3594,0.3625,0.3051,0.3188,0.2926
ABBV,2022,0.3419,0.4082,0.3176,0.3594,0.3625,0.3051,0.3188
ABBV,2023,0.418,0.235,0.3419,0.3176,0.3594,0.3625,0.3051
ABT,2014,0.5299,0.3564,,,,,
ABT,2015,0.346,0.3403,0.5299,,,,
ABT,2016,0.3625,0.3427,0.346,0.5299,,,
ABT,2017,0.4002,0.4295,0.3625,0.346,0.5299,,
ABT,2018,0.5818,0.4747,0.4002,0.3625,0.346,0.5299,
ABT,2019,0.4673,0.5474,0.5818,0.4002,0.3625,0.346,0.5299
ABT,2020,0.4019,0.3935,0.4673,0.5818,0.4002,0.3625,0.346
ABT,2021,0.4794,0.3772,0.4019,0.4673,0.5818,0.4002,0.3625
ABT,2022,0.3817,0.4226,0.4794,0.4019,0.4673,0.5818,0.4002
ABT,2023,0.4275,0.4208,0.3817,0.4794,0.4019,0.4673,0.5818
ACN,2014,0.7707,0.6308,,,,,
ACN,2015,0.723,0.566,0.7707,,,,
ACN,2016,0.7646,0.4523,0.723,0.7707,,,
ACN,2017,0.7957,0.5936,0.7646,0.723,0.7707,,
ACN,2018,0.7347,0.6825,0.7957,0.7646,0.723,0.7707,
ACN,2019,0.7729,0.752,0.7347,0.7957,0.7646,0.723,0.7707
ACN,2020,0.7999,0.4535,0.7729,0.7347,0.7957,0.7646,0.723
ACN,2021,0.7989,0.4968,0.7999,0.7729,0.7347,0.7957,0.7646
ACN,2022,0.7963,0.5224,0.7989,0.7999,0.7729,0.7347,0.7957
ACN,2023,0.7647,0.5547,0.7963,0.7989,0.7999,0.7729,0.7347
ADBE,2014,0.501,0.4084,,,,,
ADBE,2015,0.5009,0.412,0.501,,,,
ADBE,2016,0.5188,0.2758,0.5009,0.501,,,
ADBE,2017,0.5665,0.3627,0.5188,0.5009,0.501,,
ADBE,2018,0.5882,0.5319,0.5665,0.5188,0.5009,0.501,
ADBE,2019,0.6031,0.4429,0.5882,0.5665,0.5188,0.5009,0.501
ADBE,2020,0.5616,0.4492,0.6031,0.5882,0.5665,0.5188,0.5009
ADBE,2021,0.5235,0.4567,0.5616,0.6031,0.5882,0.5665,0.5188
ADBE,2022,0.5496,0.5222,0.5235,0.5616,0.6031,0.5882,0.5665
ADBE,2023,0.5049,0.4524,0.5496,0.5235,0.5616,0.6031,0.5882
ADI,2014,0.5164,0.3763,,,,,
ADI,2015,0.5863,0.325,0.5164,,,,
ADI,2016,0.5863,0.404,0.5863,0.5164,,,
ADI,2017,0.4836,0.5592,0.5863,0.5863,0.5164,,
ADI,2018,0.5315,0.4724,0.4836,0.5863,0.5863,0.5164,
ADI,2019,0.5135,0.5058,0.5315,0.4836,0.5863,0.5863,0.5164
ADI,2020,0.4897,0.3266,0.5135,0.5315,0.4836,0.5863,0.5863
ADI,2021,0.4085,0.3374,0.4897,0.5135,0.5315,0.4836,0.5863
ADI,2022,0.5805,0.3913,0.4085,0.4897,0.5135,0.5315,0.4836
ADI,2023,0.4119,0.3313,0.5805,0.4085,0.4897,0.5135,0.5315
ADP,2014,0.6121,0.5491,,,,,
ADP,2015,0.5307,0.4856,0.6121,,,,
ADP,2016,0.4247,0.508,0.5307,0.6121,,,
ADP,2017,0.5308,0.5241,0.4247,0.5307,0.6121,,
ADP,2018,0.5558,0.4797,0.5308,0.4247,0.5307,0.6121,
ADP,2019,0.5658,0.4955,0.5558,0.5308,0.4247,0.5307,0.6121
ADP,2020,0.5158,0.5285,0.5658,0.5558,0.5308,0.4247,0.5307
ADP,2021,0.5377,0.4965,0.5158,0.5658,0.5558,0.5308,0.4247
ADP,2022,0.5552,0.4984,0.5377,0.5158,0.5658,0.5558,0.5308
ADP,2023,0.5258,0.5197,0.5552,0.5377,0.5158,0.5658,0.5558
AMAT,2014,0.5235,0.4267,,,,,
AMAT,2015,0.4498,0.4403,0.5235,,,,
AMAT,2016,0.4493,0.4622,0.4498,0.5235,,,
AMAT,2017,0.6328,0.3812,0.4493,0.4498,0.5235,,
AMAT,2018,0.373,0.5052,0.6328,0.4493,0.4498,0.5235,
AMAT,2019,0.4849,0.5004,0.373,0.6328,0.4493,0.4498,0.5235
AMAT,2020,0.5287,0.5754,0.4849,0.373,0.6328,0.4493,0.4498
AMAT,2021,0.5255,0.4716,0.5287,0.4849,0.373,0.6328,0.4493
AMAT,2022,0.466,0.4326,0.5255,0.5287,0.4849,0.373,0.6328
AMAT,2023,0.5766,0.4463,0.466,0.5255,0.5287,0.4849,0.373
AMD,2014,0.625,0.4253,,,,,
AMD,2015,0.6172,0.3339,0.625,,,,
AMD,2016,0.6538,0.4451,0.6172,0.625,,,
AMD,2017,0.6134,0.5039,0.6538,0.6172,0.625,,
AMD,2018,0.6119,0.4233,0.6134,0.6538,0.6172,0.625,
AMD,2019,0.5955,0.4124,0.6119,0.6134,0.6538,0.6172,0.625
AMD,2020,0.5924,0.4449,0.5955,0.6119,0.6134,0.6538,0.6172
AMD,2021,0.5026,0.4274,0.5924,0.5955,0.6119,0.6134,0.6538
AMD,2022,0.5623,0.4279,0.5026,0.5924,0.5955,0.6119,0.6134
AMD,2023,0.5875,0.4581,0.5623,0.5026,0.5924,0.5955,0.6119
AMGN,2014,0.4381,0.3184,,,,,
AMGN,2015,0.433,0.1948,0.4381,,,,
AMGN,2016,0.4176,0.4341,0.433,0.4381,,,
AMGN,2017,0.4551,0.3339,0.4176,0.433,0.4381,,
AMGN,2018,0.5401,0.3331,0.4551,0.4176,0.433,0.4381,
AMGN,2019,0.1811,0.1924,0.5401,0.4551,0.4176,0.433,0.4381
AMGN,2020,0.5556,0.3976,0.1811,0.5401,0.4551,0.4176,0.433
AMGN,2021,0.5416,0.4054,0.5556,0.1811,0.5401,0.4551,0.4176
AMGN,2022,0.5177,0.1923,0.5416,0.5556,0.1811,0.5401,0.4551
AMGN,2023,0.5847,0.3962,0.5177,0.5416,0.5556,0.1811,0.5401
AMZN,2014,0.5682,0.5305,,,,,
AMZN,2015,0.4892,0.5029,0.5682,,,,
AMZN,2016,0.5445,0.4943,0.4892,0.5682,,,
AMZN,2017,0.5381,0.4733,0.5445,0.4892,0.5682,,
AMZN,2018,0.5426,0.4886,0.5381,0.5445,0.4892,0.5682,
AMZN,2019,0.5162,0.4562,0.5426,0.5381,0.5445,0.4892,0.5682
AMZN,2020,0.5018,0.502,0.5162,0.5426,0.5381,0.5445,0.4892
AMZN,2021,0.502,0.4968,0.5018,0.5162,0.5426,0.5381,0.5445
AMZN,2022,0.4957,0.4589,0.502,0.5018,0.5162,0.5426,0.5381
AMZN,2023,0.5019,0.5163,0.4957,0.502,0.5018,0.5162,0.5426
ANET,2014,0.3318,0.3878,,,,,
ANET,2015,0.6107,0.4801,0.3318,,,,
ANET,2016,0.5365,0.4325,0.6107,0.3318,,,
ANET,2017,0.5027,0.4741,0.5365,0.6107,0.3318,,
ANET,2018,0.4737,0.4107,0.5027,0.5365,0.6107,0.3318,
ANET,2019,0.4968,0.4448,0.4737,0.5027,0.5365,0.6107,0.3318
ANET,2020,0.4384,0.3923,0.4968,0.4737,0.5027,0.5365,0.6107
ANET,2021,0.4261,0.3775,0.4384,0.4968,0.4737,0.5027,0.5365
ANET,2022,0.4806,0.4302,0.4261,0.4384,0.4968,0.4737,0.5027
ANET,2023,0.4284,0.4171,0.4806,0.4261,0.4384,0.4968,0.4737
BA,2014,0.3924,0.4551,,,,,
BA,2015,0.3988,0.5001,0.3924,,,,
BA,2016,0.3325,0.3502,0.3988,0.3924,,,
BA,2017,0.3296,0.3865,0.3325,0.3988,0.3924,,
BA,2018,0.3989,0.3995,0.3296,0.3325,0.3988,0.3924,
BA,2019,0.4315,0.3894,0.3989,0.3296,0.3325,0.3988,0.3924
BA,2020,0.4276,0.3849,0.4315,0.3989,0.3296,0.3325,0.3988
BA,2021,0.327,0.4166,0.4276,0.4315,0.3989,0.3296,0.3325
BA,2022,0.4074,0.3837,0.327,0.4276,0.4315,0.3989,0.3296
BA,2023,0.4148,0.4023,0.4074,0.327,0.4276,0.4315,0.3989
BAC,2014,0.5664,0.5561,,,,,
BAC,2015,0.3806,0.4518,0.5664,,,,
BAC,2016,0.5845,0.5709,0.3806,0.5664,,,
BAC,2017,0.5683,0.5198,0.5845,0.3806,0.5664,,
BAC,2018,0.6288,0.5086,0.5683,0.5845,0.3806,0.5664,
BAC,2019,0.5636,0.5114,0.6288,0.5683,0.5845,0.3806,0.5664
BAC,2020,0.6435,0.6573,0.5636,0.6288,0.5683,0.5845,0.3806
BAC,2021,0.7047,0.5131,0.6435,0.5636,0.6288,0.5683,0.5845
BAC,2022,0.7484,0.5564,0.7047,0.6435,0.5636,0.6288,0.5683
BAC,2023,0.6138,0.7064,0.7484,0.7047,0.6435,0.5636,0.6288
BKNG,2014,0.8429,0.4622,,,,,
BKNG,2015,0.5958,0.3948,0.8429,,,,
BKNG,2016,0.4363,0.3804,0.5958,0.8429,,,
BKNG,2017,0.3748,0.4106,0.4363,0.5958,0.8429,,
BKNG,2018,0.3929,0.4257,0.3748,0.4363,0.5958,0.8429,
BKNG,2019,0.4416,0.4615,0.3929,0.3748,0.4363,0.5958,0.8429
BKNG,2020,0.3713,0.4422,0.4416,0.3929,0.3748,0.4363,0.5958
BKNG,2021,0.5042,0.4385,0.3713,0.4416,0.3929,0.3748,0.4363
BKNG,2022,0.5373,0.4674,0.5042,0.3713,0.4416,0.3929,0.3748
BKNG,2023,0.4502,0.4544,0.5373,0.5042,0.3713,0.4416,0.3929
BMY,2014,0.4473,0.1805,,,,,
BMY,2015,0.5,0.2783,0.4473,,,,
BMY,2016,0.5078,0.4433,0.5,0.4473,,,
BMY,2017,0.4978,0.2375,0.5078,0.5,0.4473,,
BMY,2018,0.503,0.2179,0.4978,0.5078,0.5,0.4473,
BMY,2019,0.5105,0.1728,0.503,0.4978,0.5078,0.5,0.4473
BMY,2020,0.5073,0.3575,0.5105,0.503,0.4978,0.5078,0.5
BMY,2021,0.4635,0.3223,0.5073,0.5105,0.503,0.4978,0.5078
BMY,2022,0.4513,0.2743,0.4635,0.5073,0.5105,0.503,0.4978
BMY,2023,0.4202,0.2285,0.4513,0.4635,0.5073,0.5105,0.503
BRK-B,2014,0.6485,0.5482,,,,,
BRK-B,2015,0.6604,0.4994,0.6485,,,,
BRK-B,2016,0.6042,0.5746,0.6604,0.6485,,,
BRK-B,2017,0.6724,0.5452,0.6042,0.6604,0.6485,,
BRK-B,2018,0.7041,0.5326,0.6724,0.6042,0.6604,0.6485,
BRK-B,2019,0.584,0.5253,0.7041,0.6724,0.6042,0.6604,0.6485
BRK-B,2020,0.5546,0.5354,0.584,0.7041,0.6724,0.6042,0.6604
BRK-B,2021,0.7121,0.6003,0.5546,0.584,0.7041,0.6724,0.6042
BRK-B,2022,0.5045,0.5592,0.7121,0.5546,0.584,0.7041,0.6724
BRK-B,2023,0.5948,0.5758,0.5045,0.7121,0.5546,0.584,0.7041
BSX,2014,0.4995,0.3097,,,,,
BSX,2015,0.4755,0.2329,0.4995,,,,
BSX,2016,0.4708,0.2659,0.4755,0.4995,,,
BSX,2017,0.3103,0.3421,0.4708,0.4755,0.4995,,
BSX,2018,0.4459,0.3531,0.3103,0.4708,0.4755,0.4995,
BSX,2019,0.4125,0.3624,0.4459,0.3103,0.4708,0.4755,0.4995
BSX,2020,0.4962,0.4046,0.4125,0.4459,0.3103,0.4708,0.4755
BSX,2021,0.5802,0.5034,0.4962,0.4125,0.4459,0.3103,0.4708
BSX,2022,0.6005,0.5011,0.5802,0.4962,0.4125,0.4459,0.3103
BSX,2023,0.6294,0.4067,0.6005,0.5802,0.4962,0.4125,0.4459
BX,2014,0.5383,0.5507,,,,,
BX,2015,0.5377,0.5468,0.5383,,,,
BX,2016,0.5217,0.4614,0.5377,0.5383,,,
BX,2017,0.4423,0.4811,0.5217,0.5377,0.5383,,
BX,2018,0.4175,0.4626,0.4423,0.5217,0.5377,0.5383,
BX,2019,0.4547,0.5058,0.4175,0.4423,0.5217,0.5377,0.5383
BX,2020,0.4876,0.3947,0.4547,0.4175,0.4423,0.5217,0.5377
BX,2021,0.474,0.43,0.4876,0.4547,0.4175,0.4423,0.5217
BX,2022,0.5049,0.4416,0.474,0.4876,0.4547,0.4175,0.4423
BX,2023,0.4609,0.4067,0.5049,0.474,0.4876,0.4547,0.4175
CB,2014,0.7835,0.6824,,,,,
CB,2015,0.8304,0.608,0.7835,,,,
CB,2016,0.7686,0.4172,0.8304,0.7835,,,
CB,2017,0.8035,0.8029,0.7686,0.8304,0.7835,,
CB,2018,0.7843,0.7805,0.8035,0.7686,0.8304,0.7835,
CB,2019,0.7756,0.769,0.7843,0.8035,0.7686,0.8304,0.7835
CB,2020,0.7646,0.4481,0.7756,0.7843,0.8035,0.7686,0.8304
CB,2021,0.7796,0.5258,0.7646,0.7756,0.7843,0.8035,0.7686
CB,2022,0.6159,0.7457,0.7796,0.7646,0.7756,0.7843,0.8035
CB,2023,0.7807,0.6814,0.6159,0.7796,0.7646,0.7756,0.7843
CMCSA,2014,0.3974,0.3546,,,,,
CMCSA,2015,0.4093,0.3308,0.3974,,,,
CMCSA,2016,0.4582,0.3232,0.4093,0.3974,,,
CMCSA,2017,0.4937,0.4212,0.4582,0.4093,0.3974,,
CMCSA,2018,0.4164,0.4532,0.4937,0.4582,0.4093,0.3974,
CMCSA,2019,0.5364,0.4736,0.4164,0.4937,0.4582,0.4093,0.3974
CMCSA,2020,0.5157,0.4562,0.5364,0.4164,0.4937,0.4582,0.4093
CMCSA,2021,0.5133,0.5476,0.5157,0.5364,0.4164,0.4937,0.4582
CMCSA,2022,0.5651,0.3968,0.5133,0.5157,0.5364,0.4164,0.4937
CMCSA,2023,0.498,0.4635,0.5651,0.5133,0.5157,0.5364,0.4164
COST,2014,0.6189,0.4144,,,,,
COST,2015,0.6063,0.4662,0.6189,,,,
COST,2016,0.3288,0.3195,0.6063,0.6189,,,
COST,2017,0.6339,0.4499,0.3288,0.6063,0.6189,,
COST,2018,0.6227,0.4129,0.6339,0.3288,0.6063,0.6189,
COST,2019,0.6335,0.4531,0.6227,0.6339,0.3288,0.6063,0.6189
COST,2020,0.6561,0.5083,0.6335,0.6227,0.6339,0.3288,0.6063
COST,2021,0.682,0.4623,0.6561,0.6335,0.6227,0.6339,0.3288
COST,2022,0.6783,0.4841,0.682,0.6561,0.6335,0.6227,0.6339
COST,2023,0.6937,0.5117,0.6783,0.682,0.6561,0.6335,0.6227
CRM,2014,0.5563,0.4878,,,,,
CRM,2015,0.4802,0.4365,0.5563,,,,
CRM,2016,0.5077,0.4063,0.4802,0.5563,,,
CRM,2017,0.6725,0.4831,0.5077,0.4802,0.5563,,
CRM,2018,0.5744,0.4629,0.6725,0.5077,0.4802,0.5563,
CRM,2019,0.6907,0.4632,0.5744,0.6725,0.5077,0.4802,0.5563
CRM,2020,0.5188,0.3859,0.6907,0.5744,0.6725,0.5077,0.4802
CRM,2021,0.6673,0.5631,0.5188,0.6907,0.5744,0.6725,0.5077
CRM,2022,0.5618,0.6803,0.6673,0.5188,0.6907,0.5744,0.6725
CRM,2023,0.5896,0.474,0.5618,0.6673,0.5188,0.6907,0.5744
CSCO,2014,0.4244,0.4423,,,,,
CSCO,2015,0.5148,0.4197,0.4244,,,,
CSCO,2016,0.5112,0.421,0.5148,0.4244,,,
CSCO,2017,0.4637,0.4366,0.5112,0.5148,0.4244,,
CSCO,2018,0.5141,0.6663,0.4637,0.5112,0.5148,0.4244,
CSCO,2019,0.6164,0.4687,0.5141,0.4637,0.5112,0.5148,0.4244
CSCO,2020,0.5484,0.4688,0.6164,0.5141,0.4637,0.5112,0.5148
CSCO,2021,0.5082,0.4657,0.5484,0.6164,0.5141,0.4637,0.5112
CSCO,2022,0.506,0.5162,0.5082,0.5484,0.6164,0.5141,0.4637
CSCO,2023,0.6396,0.4863,0.506,0.5082,0.5484,0.6164,0.5141
DHR,2014,0.4419,0.4973,,,,,
DHR,2015,0.5783,0.4707,0.4419,,,,
DHR,2016,0.6577,0.5226,0.5783,0.4419,,,
DHR,2017,0.6708,0.4927,0.6577,0.5783,0.4419,,
DHR,2018,0.6513,0.4414,0.6708,0.6577,0.5783,0.4419,
DHR,2019,0.8095,0.4826,0.6513,0.6708,0.6577,0.5783,0.4419
DHR,2020,0.6762,0.5347,0.8095,0.6513,0.6708,0.6577,0.5783
DHR,2021,0.5728,0.3714,0.6762,0.8095,0.6513,0.6708,0.6577
DHR,2022,0.6035,0.622,0.5728,0.6762,0.8095,0.6513,0.6708
DHR,2023,0.5598,0.4885,0.6035,0.5728,0.6762,0.8095,0.6513
FI,2014,0.5996,0.491,,,,,
FI,2015,0.5681,0.4935,0.5996,,,,
FI,2016,0.5512,0.4019,0.5681,0.5996,,,
FI,2017,0.5399,0.4438,0.5512,0.5681,0.5996,,
FI,2018,0.5828,0.4136,0.5399,0.5512,0.5681,0.5996,
FI,2019,0.4886,0.4834,0.5828,0.5399,0.5512,0.5681,0.5996
FI,2020,0.5625,0.4614,0.4886,0.5828,0.5399,0.5512,0.5681
FI,2021,0.4655,0.4151,0.5625,0.4886,0.5828,0.5399,0.5512
FI,2022,0.5125,0.4919,0.4655,0.5625,0.4886,0.5828,0.5399
FI,2023,0.5728,0.5138,0.5125,0.4655,0.5625,0.4886,0.5828
GILD,2014,0.3798,0.2336,,,,,
GILD,2015,0.4485,0.2056,0.3798,,,,
GILD,2016,0.4125,0.1907,0.4485,0.3798,,,
GILD,2017,0.3954,0.294,0.4125,0.4485,0.3798,,
GILD,2018,0.3804,0.3629,0.3954,0.4125,0.4485,0.3798,
GILD,2019,0.3505,0.3338,0.3804,0.3954,0.4125,0.4485,0.3798
GILD,2020,0.3697,0.4326,0.3505,0.3804,0.3954,0.4125,0.4485
GILD,2021,0.4498,0.3904,0.3697,0.3505,0.3804,0.3954,0.4125
GILD,2022,0.3183,0.2808,0.4498,0.3697,0.3505,0.3804,0.3954
GILD,2023,0.5571,0.3432,0.3183,0.4498,0.3697,0.3505,0.3804
GOOGL,2014,0.4845,0.4565,,,,,
GOOGL,2015,0.4937,0.4181,0.4845,,,,
GOOGL,2016,0.4368,0.634,0.4937,0.4845,,,
GOOGL,2017,0.5904,0.4825,0.4368,0.4937,0.4845,,
GOOGL,2018,0.5345,0.4508,0.5904,0.4368,0.4937,0.4845,
GOOGL,2019,0.6041,0.5178,0.5345,0.5904,0.4368,0.4937,0.4845
GOOGL,2020,0.5652,0.4658,0.6041,0.5345,0.5904,0.4368,0.4937
GOOGL,2021,0.6701,0.493,0.5652,0.6041,0.5345,0.5904,0.4368
GOOGL,2022,0.4871,0.466,0.6701,0.5652,0.6041,0.5345,0.5904
GOOGL,2023,0.5263,0.4397,0.4871,0.6701,0.5652,0.6041,0.5345
GS,2014,0.4977,0.5018,,,,,
GS,2015,0.4238,0.5431,0.4977,,,,
GS,2016,0.4882,0.4561,0.4238,0.4977,,,
GS,2017,0.4402,0.5063,0.4882,0.4238,0.4977,,
GS,2018,0.5342,0.5101,0.4402,0.4882,0.4238,0.4977,
GS,2019,0.5025,0.4945,0.5342,0.4402,0.4882,0.4238,0.4977
GS,2020,0.4801,0.5961,0.5025,0.5342,0.4402,0.4882,0.4238
GS,2021,0.4599,0.6428,0.4801,0.5025,0.5342,0.4402,0.4882
GS,2022,0.4762,0.602,0.4599,0.4801,0.5025,0.5342,0.4402
GS,2023,0.5003,0.4534,0.4762,0.4599,0.4801,0.5025,0.5342
HD,2014,0.5436,0.479,,,,,
HD,2015,0.5829,0.4595,0.5436,,,,
HD,2016,0.5698,0.4867,0.5829,0.5436,,,
HD,2017,0.5594,0.4644,0.5698,0.5829,0.5436,,
HD,2018,0.4891,0.6004,0.5594,0.5698,0.5829,0.5436,
HD,2019,0.5186,0.5333,0.4891,0.5594,0.5698,0.5829,0.5436
HD,2020,0.56,0.4466,0.5186,0.4891,0.5594,0.5698,0.5829
HD,2021,0.585,0.6481,0.56,0.5186,0.4891,0.5594,0.5698
HD,2022,0.546,0.5487,0.585,0.56,0.5186,0.4891,0.5594
HD,2023,0.5348,0.5816,0.546,0.585,0.56,0.5186,0.4891
INTU,2014,0.6365,0.4755,,,,,
INTU,2015,0.6061,0.4355,0.6365,,,,
INTU,2016,0.6205,0.446,0.6061,0.6365,,,
INTU,2017,0.5705,0.4307,0.6205,0.6061,0.6365,,
INTU,2018,0.652,0.4392,0.5705,0.6205,0.6061,0.6365,
INTU,2019,0.5692,0.5054,0.652,0.5705,0.6205,0.6061,0.6365
INTU,2020,0.6378,0.5083,0.5692,0.652,0.5705,0.6205,0.6061
INTU,2021,0.5314,0.4858,0.6378,0.5692,0.652,0.5705,0.6205
INTU,2022,0.6005,0.5623,0.5314,0.6378,0.5692,0.652,0.5705
INTU,2023,0.6031,0.5348,0.6005,0.5314,0.6378,0.5692,0.652
ISRG,2014,0.5343,0.3237,,,,,
ISRG,2015,0.6544,0.3461,0.5343,,,,
ISRG,2016,0.6009,0.4789,0.6544,0.5343,,,
ISRG,2017,0.5841,0.287,0.6009,0.6544,0.5343,,
ISRG,2018,0.6575,0.3618,0.5841,0.6009,0.6544,0.5343,
ISRG,2019,0.5847,0.3441,0.6575,0.5841,0.6009,0.6544,0.5343
ISRG,2020,0.6112,0.7226,0.5847,0.6575,0.5841,0.6009,0.6544
ISRG,2021,0.5981,0.3011,0.6112,0.5847,0.6575,0.5841,0.6009
ISRG,2022,0.6014,0.5239,0.5981,0.6112,0.5847,0.6575,0.5841
ISRG,2023,0.6572,0.3714,0.6014,0.5981,0.6112,0.5847,0.6575
KKR,2014,0.5181,0.5141,,,,,
KKR,2015,0.5187,0.4114,0.5181,,,,
KKR,2016,0.5482,0.4061,0.5187,0.5181,,,
KKR,2017,0.5445,0.3881,0.5482,0.5187,0.5181,,
KKR,2018,0.5409,0.4895,0.5445,0.5482,0.5187,0.5181,
KKR,2019,0.5739,0.4315,0.5409,0.5445,0.5482,0.5187,0.5181
KKR,2020,0.4791,0.4093,0.5739,0.5409,0.5445,0.5482,0.5187
KKR,2021,0.4839,0.4399,0.4791,0.5739,0.5409,0.5445,0.5482
KKR,2022,0.5276,0.4781,0.4839,0.4791,0.5739,0.5409,0.5445
KKR,2023,0.3608,0.5094,0.5276,0.4839,0.4791,0.5739,0.5409
KO,2014,0.3758,0.2945,,,,,
KO,2015,0.427,0.3488,0.3758,,,,
KO,2016,0.5948,0.3391,0.427,0.3758,,,
KO,2017,0.481,0.4644,0.5948,0.427,0.3758,,
KO,2018,0.4514,0.3508,0.481,0.5948,0.427,0.3758,
KO,2019,0.5426,0.5461,0.4514,0.481,0.5948,0.427,0.3758
KO,2020,0.5461,0.4818,0.5426,0.4514,0.481,0.5948,0.427
KO,2021,0.5286,0.5086,0.5461,0.5426,0.4514,0.481,0.5948
KO,2022,0.5324,0.3403,0.5286,0.5461,0.5426,0.4514,0.481
KO,2023,0.4455,0.5981,0.5324,0.5286,0.5461,0.5426,0.4514
LLY,2014,0.5028,0.1839,,,,,
LLY,2015,0.547,0.3617,0.5028,,,,
LLY,2016,0.5867,0.4352,0.547,0.5028,,,
LLY,2017,0.5313,0.2619,0.5867,0.547,0.5028,,
LLY,2018,0.5583,0.1767,0.5313,0.5867,0.547,0.5028,
LLY,2019,0.5992,0.2633,0.5583,0.5313,0.5867,0.547,0.5028
LLY,2020,0.5001,0.3151,0.5992,0.5583,0.5313,0.5867,0.547
LLY,2021,0.5774,0.2884,0.5001,0.5992,0.5583,0.5313,0.5867
LLY,2022,0.341,0.2508,0.5774,0.5001,0.5992,0.5583,0.5313
LLY,2023,0.5879,0.2359,0.341,0.5774,0.5001,0.5992,0.5583
LMT,2014,0.7067,0.34,,,,,
LMT,2015,0.5287,0.4131,0.7067,,,,
LMT,2016,0.4239,0.4103,0.5287,0.7067,,,
LMT,2017,0.4503,0.3786,0.4239,0.5287,0.7067,,
LMT,2018,0.4163,0.4929,0.4503,0.4239,0.5287,0.7067,
LMT,2019,0.3137,0.2339,0.4163,0.4503,0.4239,0.5287,0.7067
LMT,2020,0.341,0.33,0.3137,0.4163,0.4503,0.4239,0.5287
LMT,2021,0.3679,0.358,0.341,0.3137,0.4163,0.4503,0.4239
LMT,2022,0.5541,0.4952,0.3679,0.341,0.3137,0.4163,0.4503
LMT,2023,0.4922,0.4233,0.5541,0.3679,0.341,0.3137,0.4163
LOW,2014,0.5684,0.4766,,,,,
LOW,2015,0.5658,0.4826,0.5684,,,,
LOW,2016,0.5765,0.4912,0.5658,0.5684,,,
LOW,2017,0.5845,0.5097,0.5765,0.5658,0.5684,,
LOW,2018,0.5974,0.4969,0.5845,0.5765,0.5658,0.5684,
LOW,2019,0.5985,0.5132,0.5974,0.5845,0.5765,0.5658,0.5684
LOW,2020,0.5397,0.4568,0.5985,0.5974,0.5845,0.5765,0.5658
LOW,2021,0.4782,0.3724,0.5397,0.5985,0.5974,0.5845,0.5765
LOW,2022,0.5632,0.4376,0.4782,0.5397,0.5985,0.5974,0.5845
LOW,2023,0.5544,0.3948,0.5632,0.4782,0.5397,0.5985,0.5974
LRCX,2014,0.7392,0.5825,,,,,
LRCX,2015,0.6887,0.703,0.7392,,,,
LRCX,2016,0.7175,0.4317,0.6887,0.7392,,,
LRCX,2017,0.7001,0.6242,0.7175,0.6887,0.7392,,
LRCX,2018,0.68,0.555,0.7001,0.7175,0.6887,0.7392,
LRCX,2019,0.7154,0.4564,0.68,0.7001,0.7175,0.6887,0.7392
LRCX,2020,0.7569,0.4403,0.7154,0.68,0.7001,0.7175,0.6887
LRCX,2021,0.6534,0.4452,0.7569,0.7154,0.68,0.7001,0.7175
LRCX,2022,0.7637,0.602,0.6534,0.7569,0.7154,0.68,0.7001
LRCX,2023,0.7267,0.5184,0.7637,0.6534,0.7569,0.7154,0.68
MA,2014,0.5129,0.4272,,,,,
MA,2015,0.4589,0.6298,0.5129,,,,
MA,2016,0.4969,0.4271,0.4589,0.5129,,,
MA,2017,0.5041,0.3592,0.4969,0.4589,0.5129,,
MA,2018,0.5129,0.4578,0.5041,0.4969,0.4589,0.5129,
MA,2019,0.4838,0.4136,0.5129,0.5041,0.4969,0.4589,0.5129
MA,2020,0.476,0.4895,0.4838,0.5129,0.5041,0.4969,0.4589
MA,2021,0.4858,0.5265,0.476,0.4838,0.5129,0.5041,0.4969
MA,2022,0.6463,0.4868,0.4858,0.476,0.4838,0.5129,0.5041
MA,2023,0.4414,0.4597,0.6463,0.4858,0.476,0.4838,0.5129
META,2014,0.4262,0.3348,,,,,
META,2015,0.3938,0.2884,0.4262,,,,
META,2016,0.3759,0.3718,0.3938,0.4262,,,
META,2017,0.4468,0.3087,0.3759,0.3938,0.4262,,
META,2018,0.4205,0.3847,0.4468,0.3759,0.3938,0.4262,
META,2019,0.4166,0.2784,0.4205,0.4468,0.3759,0.3938,0.4262
META,2020,0.5726,0.3178,0.4166,0.4205,0.4468,0.3759,0.3938
META,2021,0.4256,0.3248,0.5726,0.4166,0.4205,0.4468,0.3759
META,2022,0.5741,0.4026,0.4256,0.5726,0.4166,0.4205,0.4468
META,2023,0.5189,0.4008,0.5741,0.4256,0.5726,0.4166,0.4205
MMC,2014,0.6343,0.68,,,,,
MMC,2015,0.6217,0.592,0.6343,,,,
MMC,2016,0.6147,0.5263,0.6217,0.6343,,,
MMC,2017,0.6353,0.5338,0.6147,0.6217,0.6343,,
MMC,2018,0.6807,0.5221,0.6353,0.6147,0.6217,0.6343,
MMC,2019,0.6616,0.5766,0.6807,0.6353,0.6147,0.6217,0.6343
MMC,2020,0.5779,0.6508,0.6616,0.6807,0.6353,0.6147,0.6217
MMC,2021,0.6013,0.4727,0.5779,0.6616,0.6807,0.6353,0.6147
MMC,2022,0.6385,0.624,0.6013,0.5779,0.6616,0.6807,0.6353
MMC,2023,0.6215,0.5539,0.6385,0.6013,0.5779,0.6616,0.6807
MRK,2014,0.4954,0.44,,,,,
MRK,2015,0.4661,0.4417,0.4954,,,,
MRK,2016,0.4854,0.2647,0.4661,0.4954,,,
MRK,2017,0.5475,0.5127,0.4854,0.4661,0.4954,,
MRK,2018,0.6155,0.4708,0.5475,0.4854,0.4661,0.4954,
MRK,2019,0.5574,0.4514,0.6155,0.5475,0.4854,0.4661,0.4954
MRK,2020,0.5821,0.4286,0.5574,0.6155,0.5475,0.4854,0.4661
MRK,2021,0.5749,0.5059,0.5821,0.5574,0.6155,0.5475,0.4854
MRK,2022,0.6107,0.396,0.5749,0.5821,0.5574,0.6155,0.5475
MRK,2023,0.6066,0.4441,0.6107,0.5749,0.5821,0.5574,0.6155
MSFT,2014,0.5198,0.5309,,,,,
MSFT,2015,0.5231,0.6543,0.5198,,,,
MSFT,2016,0.4721,0.5601,0.5231,0.5198,,,
MSFT,2017,0.5488,0.3866,0.4721,0.5231,0.5198,,
MSFT,2018,0.5168,0.4465,0.5488,0.4721,0.5231,0.5198,
MSFT,2019,0.4412,0.4308,0.5168,0.5488,0.4721,0.5231,0.5198
MSFT,2020,0.4388,0.4472,0.4412,0.5168,0.5488,0.4721,0.5231
MSFT,2021,0.4849,0.445,0.4388,0.4412,0.5168,0.5488,0.4721
MSFT,2022,0.4675,0.4458,0.4849,0.4388,0.4412,0.5168,0.5488
MSFT,2023,0.4656,0.3397,0.4675,0.4849,0.4388,0.4412,0.5168
MU,2014,0.2899,0.3692,,,,,
MU,2015,0.2538,0.4523,0.2899,,,,
MU,2016,0.3514,0.2444,0.2538,0.2899,,,
MU,2017,0.4306,0.2561,0.3514,0.2538,0.2899,,
MU,2018,0.4004,0.4139,0.4306,0.3514,0.2538,0.2899,
MU,2019,0.3754,0.293,0.4004,0.4306,0.3514,0.2538,0.2899
MU,2020,0.3732,0.3796,0.3754,0.4004,0.4306,0.3514,0.2538
MU,2021,0.3691,0.3706,0.3732,0.3754,0.4004,0.4306,0.3514
MU,2022,0.4208,0.3862,0.3691,0.3732,0.3754,0.4004,0.4306
MU,2023,0.3509,0.4753,0.4208,0.3691,0.3732,0.3754,0.4004
NEE,2014,0.5098,0.5146,,,,,
NEE,2015,0.5572,0.3932,0.5098,,,,
NEE,2016,0.5304,0.477,0.5572,0.5098,,,
NEE,2017,0.6111,0.5772,0.5304,0.5572,0.5098,,
NEE,2018,0.5178,0.399,0.6111,0.5304,0.5572,0.5098,
NEE,2019,0.5213,0.4148,0.5178,0.6111,0.5304,0.5572,0.5098
NEE,2020,0.587,0.4626,0.5213,0.5178,0.6111,0.5304,0.5572
NEE,2021,0.5904,0.4899,0.587,0.5213,0.5178,0.6111,0.5304
NEE,2022,0.4808,0.3524,0.5904,0.587,0.5213,0.5178,0.6111
NEE,2023,0.5423,0.4941,0.4808,0.5904,0.587,0.5213,0.5178
NFLX,2014,0.3833,0.3345,,,,,
NFLX,2015,0.3572,0.3332,0.3833,,,,
NFLX,2016,0.3535,0.3052,0.3572,0.3833,,,
NFLX,2017,0.3661,0.4564,0.3535,0.3572,0.3833,,
NFLX,2018,0.3788,0.3099,0.3661,0.3535,0.3572,0.3833,
NFLX,2019,0.4001,0.3512,0.3788,0.3661,0.3535,0.3572,0.3833
NFLX,2020,0.4376,0.377,0.4001,0.3788,0.3661,0.3535,0.3572
NFLX,2021,0.4577,0.3744,0.4376,0.4001,0.3788,0.3661,0.3535
NFLX,2022,0.4112,0.3658,0.4577,0.4376,0.4001,0.3788,0.3661
NFLX,2023,0.412,0.3554,0.4112,0.4577,0.4376,0.4001,0.3788
NKE,2014,0.5191,0.6269,,,,,
NKE,2015,0.4954,0.6112,0.5191,,,,
NKE,2016,0.5545,0.542,0.4954,0.5191,,,
NKE,2017,0.4446,0.6131,0.5545,0.4954,0.5191,,
NKE,2018,0.5054,0.5405,0.4446,0.5545,0.4954,0.5191,
NKE,2019,0.5649,0.5493,0.5054,0.4446,0.5545,0.4954,0.5191
NKE,2020,0.5081,0.5225,0.5649,0.5054,0.4446,0.5545,0.4954
NKE,2021,0.4738,0.6639,0.5081,0.5649,0.5054,0.4446,0.5545
NKE,2022,0.5334,0.5515,0.4738,0.5081,0.5649,0.5054,0.4446
NKE,2023,0.4812,0.6131,0.5334,0.4738,0.5081,0.5649,0.5054
NOW,2014,0.6027,0.4938,,,,,
NOW,2015,0.5209,0.3539,0.6027,,,,
NOW,2016,0.5451,0.4916,0.5209,0.6027,,,
NOW,2017,0.5197,0.4323,0.5451,0.5209,0.6027,,
NOW,2018,0.5582,0.4635,0.5197,0.5451,0.5209,0.6027,
NOW,2019,0.5454,0.5815,0.5582,0.5197,0.5451,0.5209,0.6027
NOW,2020,0.555,0.5069,0.5454,0.5582,0.5197,0.5451,0.5209
NOW,2021,0.5185,0.429,0.555,0.5454,0.5582,0.5197,0.5451
NOW,2022,0.5903,0.4852,0.5185,0.555,0.5454,0.5582,0.5197
NOW,2023,0.575,0.4485,0.5903,0.5185,0.555,0.5454,0.5582
NVDA,2014,0.4074,0.4709,,,,,
NVDA,2015,0.5733,0.4937,0.4074,,,,
NVDA,2016,0.4063,0.614,0.5733,0.4074,,,
NVDA,2017,0.3809,0.44,0.4063,0.5733,0.4074,,
NVDA,2018,0.3791,0.5298,0.3809,0.4063,0.5733,0.4074,
NVDA,2019,0.3323,0.4878,0.3791,0.3809,0.4063,0.5733,0.4074
NVDA,2020,0.365,0.534,0.3323,0.3791,0.3809,0.4063,0.5733
NVDA,2021,0.4386,0.3593,0.365,0.3323,0.3791,0.3809,0.4063
NVDA,2022,0.4661,0.4554,0.4386,0.365,0.3323,0.3791,0.3809
NVDA,2023,0.4168,0.5051,0.4661,0.4386,0.365,0.3323,0.3791
ORCL,2014,0.5037,0.4435,,,,,
ORCL,2015,0.465,0.4023,0.5037,,,,
ORCL,2016,0.4553,0.4003,0.465,0.5037,,,
ORCL,2017,0.4657,0.3959,0.4553,0.465,0.5037,,
ORCL,2018,0.4989,0.4207,0.4657,0.4553,0.465,0.5037,
ORCL,2019,0.4596,0.3269,0.4989,0.4657,0.4553,0.465,0.5037
ORCL,2020,0.469,0.4221,0.4596,0.4989,0.4657,0.4553,0.465
ORCL,2021,0.4611,0.4919,0.469,0.4596,0.4989,0.4657,0.4553
ORCL,2022,0.4324,0.4742,0.4611,0.469,0.4596,0.4989,0.4657
ORCL,2023,0.4748,0.4747,0.4324,0.4611,0.469,0.4596,0.4989
PANW,2014,0.6248,0.4273,,,,,
PANW,2015,0.6154,0.5388,0.6248,,,,
PANW,2016,0.5874,0.4339,0.6154,0.6248,,,
PANW,2017,0.5938,0.5155,0.5874,0.6154,0.6248,,
PANW,2018,0.5732,0.4278,0.5938,0.5874,0.6154,0.6248,
PANW,2019,0.6564,0.4242,0.5732,0.5938,0.5874,0.6154,0.6248
PANW,2020,0.642,0.4958,0.6564,0.5732,0.5938,0.5874,0.6154
PANW,2021,0.6287,0.4783,0.642,0.6564,0.5732,0.5938,0.5874
PANW,2022,0.5264,0.4445,0.6287,0.642,0.6564,0.5732,0.5938
PANW,2023,0.6003,0.4928,0.5264,0.6287,0.642,0.6564,0.5732
PEP,2014,0.5837,0.3594,,,,,
PEP,2015,0.5662,0.4052,0.5837,,,,
PEP,2016,0.5591,0.3234,0.5662,0.5837,,,
PEP,2017,0.5829,0.3451,0.5591,0.5662,0.5837,,
PEP,2018,0.5847,0.2948,0.5829,0.5591,0.5662,0.5837,
PEP,2019,0.4842,0.2927,0.5847,0.5829,0.5591,0.5662,0.5837
PEP,2020,0.6043,0.4675,0.4842,0.5847,0.5829,0.5591,0.5662
PEP,2021,0.4887,0.488,0.6043,0.4842,0.5847,0.5829,0.5591
PEP,2022,0.5909,0.5076,0.4887,0.6043,0.4842,0.5847,0.5829
PEP,2023,0.5475,0.5599,0.5909,0.4887,0.6043,0.4842,0.5847
PG,2014,0.5855,0.4918,,,,,
PG,2015,0.6051,0.4384,0.5855,,,,
PG,2016,0.5879,0.4745,0.6051,0.5855,,,
PG,2017,0.6137,0.5123,0.5879,0.6051,0.5855,,
PG,2018,0.7667,0.511,0.6137,0.5879,0.6051,0.5855,
PG,2019,0.6198,0.4424,0.7667,0.6137,0.5879,0.6051,0.5855
PG,2020,0.6064,0.5335,0.6198,0.7667,0.6137,0.5879,0.6051
PG,2021,0.6218,0.5021,0.6064,0.6198,0.7667,0.6137,0.5879
PG,2022,0.6066,0.4725,0.6218,0.6064,0.6198,0.7667,0.6137
PG,2023,0.7506,0.6933,0.6066,0.6218,0.6064,0.6198,0.7667
PLD,2014,0.3139,0.3919,,,,,
PLD,2015,0.5261,0.4686,0.3139,,,,
PLD,2016,0.4595,0.4984,0.5261,0.3139,,,
PLD,2017,0.4942,0.427,0.4595,0.5261,0.3139,,
PLD,2018,0.4612,0.4452,0.4942,0.4595,0.5261,0.3139,
PLD,2019,0.4566,0.4919,0.4612,0.4942,0.4595,0.5261,0.3139
PLD,2020,0.7191,0.4061,0.4566,0.4612,0.4942,0.4595,0.5261
PLD,2021,0.5083,0.4769,0.7191,0.4566,0.4612,0.4942,0.4595
PLD,2022,0.3284,0.4896,0.5083,0.7191,0.4566,0.4612,0.4942
PLD,2023,0.4597,0.4776,0.3284,0.5083,0.7191,0.4566,0.4612
PM,2014,0.4799,0.6876,,,,,
PM,2015,0.4132,0.3996,0.4799,,,,
PM,2016,0.4551,0.5911,0.4132,0.4799,,,
PM,2017,0.4418,0.4802,0.4551,0.4132,0.4799,,
PM,2018,0.5684,0.3166,0.4418,0.4551,0.4132,0.4799,
PM,2019,0.5684,0.2779,0.5684,0.4418,0.4551,0.4132,0.4799
PM,2020,0.5746,0.3094,0.5684,0.5684,0.4418,0.4551,0.4132
PM,2021,0.3251,0.4574,0.5746,0.5684,0.5684,0.4418,0.4551
PM,2022,0.5812,0.3073,0.3251,0.5746,0.5684,0.5684,0.4418
PM,2023,0.5767,0.5646,0.5812,0.3251,0.5746,0.5684,0.5684
QCOM,2014,0.3114,0.2895,,,,,
QCOM,2015,0.2578,0.6178,0.3114,,,,
QCOM,2016,0.2675,0.2721,0.2578,0.3114,,,
QCOM,2017,0.5851,0.5526,0.2675,0.2578,0.3114,,
QCOM,2018,0.2659,0.1754,0.5851,0.2675,0.2578,0.3114,
QCOM,2019,0.2188,0.1475,0.2659,0.5851,0.2675,0.2578,0.3114
QCOM,2020,0.2757,0.3987,0.2188,0.2659,0.5851,0.2675,0.2578
QCOM,2021,0.3366,0.429,0.2757,0.2188,0.2659,0.5851,0.2675
QCOM,2022,0.3303,0.338,0.3366,0.2757,0.2188,0.2659,0.5851
QCOM,2023,0.4121,0.3353,0.3303,0.3366,0.2757,0.2188,0.2659
SBUX,2014,0.4895,0.4526,,,,,
SBUX,2015,0.6259,0.494,0.4895,,,,
SBUX,2016,0.4928,0.5041,0.6259,0.4895,,,
SBUX,2017,0.6463,0.4413,0.4928,0.6259,0.4895,,
SBUX,2018,0.6377,0.5104,0.6463,0.4928,0.6259,0.4895,
SBUX,2019,0.5613,0.6838,0.6377,0.6463,0.4928,0.6259,0.4895
SBUX,2020,0.4397,0.4604,0.5613,0.6377,0.6463,0.4928,0.6259
SBUX,2021,0.5735,0.5014,0.4397,0.5613,0.6377,0.6463,0.4928
SBUX,2022,0.5035,0.4935,0.5735,0.4397,0.5613,0.6377,0.6463
SBUX,2023,0.454,0.4598,0.5035,0.5735,0.4397,0.5613,0.6377
SCHW,2014,0.5413,0.5717,,,,,
SCHW,2015,0.5701,0.6035,0.5413,,,,
SCHW,2016,0.6138,0.5871,0.5701,0.5413,,,
SCHW,2017,0.5194,0.4727,0.6138,0.5701,0.5413,,
SCHW,2018,0.5735,0.5502,0.5194,0.6138,0.5701,0.5413,
SCHW,2019,0.4394,0.4822,0.5735,0.5194,0.6138,0.5701,0.5413
SCHW,2020,0.5123,0.5454,0.4394,0.5735,0.5194,0.6138,0.5701
SCHW,2021,0.5688,0.493,0.5123,0.4394,0.5735,0.5194,0.6138
SCHW,2022,0.512,0.5029,0.5688,0.5123,0.4394,0.5735,0.5194
SCHW,2023,0.6379,0.45,0.512,0.5688,0.5123,0.4394,0.5735
SPGI,2014,0.5876,0.5301,,,,,
SPGI,2015,0.5941,0.472,0.5876,,,,
SPGI,2016,0.5856,0.5418,0.5941,0.5876,,,
SPGI,2017,0.6647,0.4618,0.5856,0.5941,0.5876,,
SPGI,2018,0.6296,0.5587,0.6647,0.5856,0.5941,0.5876,
SPGI,2019,0.5574,0.4661,0.6296,0.6647,0.5856,0.5941,0.5876
SPGI,2020,0.5707,0.5398,0.5574,0.6296,0.6647,0.5856,0.5941
SPGI,2021,0.509,0.4696,0.5707,0.5574,0.6296,0.6647,0.5856
SPGI,2022,0.565,0.438,0.509,0.5707,0.5574,0.6296,0.6647
SPGI,2023,0.5447,0.5023,0.565,0.509,0.5707,0.5574,0.6296
SYK,2014,0.5707,0.2267,,,,,
SYK,2015,0.571,0.2143,0.5707,,,,
SYK,2016,0.5622,0.4297,0.571,0.5707,,,
SYK,2017,0.5777,0.4011,0.5622,0.571,0.5707,,
SYK,2018,0.556,0.4908,0.5777,0.5622,0.571,0.5707,
SYK,2019,0.5588,0.4695,0.556,0.5777,0.5622,0.571,0.5707
SYK,2020,0.6398,0.3125,0.5588,0.556,0.5777,0.5622,0.571
SYK,2021,0.5545,0.3185,0.6398,0.5588,0.556,0.5777,0.5622
SYK,2022,0.5268,0.3062,0.5545,0.6398,0.5588,0.556,0.5777
SYK,2023,0.5467,0.51,0.5268,0.5545,0.6398,0.5588,0.556
TJX,2014,0.5557,0.4241,,,,,
TJX,2015,0.559,0.4235,0.5557,,,,
TJX,2016,0.6084,0.3958,0.559,0.5557,,,
TJX,2017,0.5467,0.3894,0.6084,0.559,0.5557,,
TJX,2018,0.5428,0.4139,0.5467,0.6084,0.559,0.5557,
TJX,2019,0.5644,0.5746,0.5428,0.5467,0.6084,0.559,0.5557
TJX,2020,0.5786,0.525,0.5644,0.5428,0.5467,0.6084,0.559
TJX,2021,0.539,0.4625,0.5786,0.5644,0.5428,0.5467,0.6084
TJX,2022,0.5506,0.4368,0.539,0.5786,0.5644,0.5428,0.5467
TJX,2023,0.6087,0.4741,0.5506,0.539,0.5786,0.5644,0.5428
TMO,2014,0.5508,0.4406,,,,,
TMO,2015,0.59,0.467,0.5508,,,,
TMO,2016,0.5836,0.4176,0.59,0.5508,,,
TMO,2017,0.6006,0.5259,0.5836,0.59,0.5508,,
TMO,2018,0.613,0.3638,0.6006,0.5836,0.59,0.5508,
TMO,2019,0.6657,0.5534,0.613,0.6006,0.5836,0.59,0.5508
TMO,2020,0.6095,0.4099,0.6657,0.613,0.6006,0.5836,0.59
TMO,2021,0.7453,0.4174,0.6095,0.6657,0.613,0.6006,0.5836
TMO,2022,0.6873,0.5286,0.7453,0.6095,0.6657,0.613,0.6006
TMO,2023,0.6248,0.5712,0.6873,0.7453,0.6095,0.6657,0.613
TMUS,2014,0.5803,0.3908,,,,,
TMUS,2015,0.5492,0.4473,0.5803,,,,
TMUS,2016,0.5806,0.4528,0.5492,0.5803,,,
TMUS,2017,0.4487,0.3197,0.5806,0.5492,0.5803,,
TMUS,2018,0.4448,0.3582,0.4487,0.5806,0.5492,0.5803,
TMUS,2019,0.4049,0.4007,0.4448,0.4487,0.5806,0.5492,0.5803
TMUS,2020,0.42,0.4012,0.4049,0.4448,0.4487,0.5806,0.5492
TMUS,2021,0.6319,0.3976,0.42,0.4049,0.4448,0.4487,0.5806
TMUS,2022,0.5348,0.412,0.6319,0.42,0.4049,0.4448,0.4487
TMUS,2023,0.4974,0.5568,0.5348,0.6319,0.42,0.4049,0.4448
TSLA,2014,0.5344,0.261,,,,,
TSLA,2015,0.4961,0.358,0.5344,,,,
TSLA,2016,0.6159,0.3504,0.4961,0.5344,,,
TSLA,2017,0.4683,0.1978,0.6159,0.4961,0.5344,,
TSLA,2018,0.5029,0.2623,0.4683,0.6159,0.4961,0.5344,
TSLA,2019,0.5534,0.2308,0.5029,0.4683,0.6159,0.4961,0.5344
TSLA,2020,0.6205,0.4227,0.5534,0.5029,0.4683,0.6159,0.4961
TSLA,2021,0.6297,0.4031,0.6205,0.5534,0.5029,0.4683,0.6159
TSLA,2022,0.595,0.2729,0.6297,0.6205,0.5534,0.5029,0.4683
TSLA,2023,0.5809,0.2598,0.595,0.6297,0.6205,0.5534,0.5029
TXN,2014,0.5899,0.3407,,,,,
TXN,2015,0.5226,0.4994,0.5899,,,,
TXN,2016,0.5239,0.5594,0.5226,0.5899,,,
TXN,2017,0.5476,0.354,0.5239,0.5226,0.5899,,
TXN,2018,0.5313,0.3698,0.5476,0.5239,0.5226,0.5899,
TXN,2019,0.5245,0.5584,0.5313,0.5476,0.5239,0.5226,0.5899
TXN,2020,0.5492,0.5214,0.5245,0.5313,0.5476,0.5239,0.5226
TXN,2021,0.5522,0.5225,0.5492,0.5245,0.5313,0.5476,0.5239
TXN,2022,0.5291,0.535,0.5522,0.5492,0.5245,0.5313,0.5476
TXN,2023,0.5237,0.5207,0.5291,0.5522,0.5492,0.5245,0.5313
UNH,2014,0.4738,0.2166,,,,,
UNH,2015,0.4523,0.2501,0.4738,,,,
UNH,2016,0.5155,0.2311,0.4523,0.4738,,,
UNH,2017,0.541,0.2871,0.5155,0.4523,0.4738,,
UNH,2018,0.405,0.3438,0.541,0.5155,0.4523,0.4738,
UNH,2019,0.5624,0.2603,0.405,0.541,0.5155,0.4523,0.4738
UNH,2020,0.5698,0.3494,0.5624,0.405,0.541,0.5155,0.4523
UNH,2021,0.606,0.3417,0.5698,0.5624,0.405,0.541,0.5155
UNH,2022,0.5574,0.4409,0.606,0.5698,0.5624,0.405,0.541
UNH,2023,0.4572,0.4383,0.5574,0.606,0.5698,0.5624,0.405
UNP,2014,0.4326,0.4035,,,,,
UNP,2015,0.3812,0.3908,0.4326,,,,
UNP,2016,0.4156,0.4019,0.3812,0.4326,,,
UNP,2017,0.3574,0.4314,0.4156,0.3812,0.4326,,
UNP,2018,0.342,0.3584,0.3574,0.4156,0.3812,0.4326,
UNP,2019,0.3813,0.4139,0.342,0.3574,0.4156,0.3812,0.4326
UNP,2020,0.4721,0.3837,0.3813,0.342,0.3574,0.4156,0.3812
UNP,2021,0.4905,0.4063,0.4721,0.3813,0.342,0.3574,0.4156
UNP,2022,0.5005,0.4322,0.4905,0.4721,0.3813,0.342,0.3574
UNP,2023,0.4664,0.4151,0.5005,0.4905,0.4721,0.3813,0.342
UPS,2014,0.6025,0.6348,,,,,
UPS,2015,0.5203,0.5137,0.6025,,,,
UPS,2016,0.5357,0.3905,0.5203,0.6025,,,
UPS,2017,0.5814,0.5224,0.5357,0.5203,0.6025,,
UPS,2018,0.5412,0.4378,0.5814,0.5357,0.5203,0.6025,
UPS,2019,0.5772,0.5102,0.5412,0.5814,0.5357,0.5203,0.6025
UPS,2020,0.6075,0.4963,0.5772,0.5412,0.5814,0.5357,0.5203
UPS,2021,0.6411,0.4998,0.6075,0.5772,0.5412,0.5814,0.5357
UPS,2022,0.6157,0.6218,0.6411,0.6075,0.5772,0.5412,0.5814
UPS,2023,0.5885,0.5365,0.6157,0.6411,0.6075,0.5772,0.5412
V,2014,0.5626,0.2889,,,,,
V,2015,0.3497,0.33,0.5626,,,,
V,2016,0.3877,0.4926,0.3497,0.5626,,,
V,2017,0.4328,0.4883,0.3877,0.3497,0.5626,,
V,2018,0.4239,0.3398,0.4328,0.3877,0.3497,0.5626,
V,2019,0.4527,0.3267,0.4239,0.4328,0.3877,0.3497,0.5626
V,2020,0.4134,0.5194,0.4527,0.4239,0.4328,0.3877,0.3497
V,2021,0.41,0.4897,0.4134,0.4527,0.4239,0.4328,0.3877
V,2022,0.6456,0.4211,0.41,0.4134,0.4527,0.4239,0.4328
V,2023,0.4817,0.3802,0.6456,0.41,0.4134,0.4527,0.4239
VRTX,2014,0.3633,0.1988,,,,,
VRTX,2015,0.4958,0.1466,0.3633,,,,
VRTX,2016,0.4635,0.1953,0.4958,0.3633,,,
VRTX,2017,0.4546,0.1787,0.4635,0.4958,0.3633,,
VRTX,2018,0.3412,0.1919,0.4546,0.4635,0.4958,0.3633,
VRTX,2019,0.4912,0.2807,0.3412,0.4546,0.4635,0.4958,0.3633
VRTX,2020,0.4236,0.3288,0.4912,0.3412,0.4546,0.4635,0.4958
VRTX,2021,0.3166,0.371,0.4236,0.4912,0.3412,0.4546,0.4635
VRTX,2022,0.5043,0.1719,0.3166,0.4236,0.4912,0.3412,0.4546
VRTX,2023,0.5239,0.4281,0.5043,0.3166,0.4236,0.4912,0.3412
