,ticker,year,IT,OR,IT_lag1,IT_lag2,IT_lag3,IT_lag4,IT_lag5
0,AAPL,2014,0.4153,0.3417,,,,,
1,AAPL,2015,0.5459,0.3869,0.4153,,,,
2,AAPL,2016,0.4834,0.3802,0.5459,0.4153,,,
3,AAPL,2017,0.4929,0.3556,0.4834,0.5459,0.4153,,
4,AAPL,2018,0.399,0.3673,0.4929,0.4834,0.5459,0.4153,
5,AAPL,2019,0.6303,0.3927,0.399,0.4929,0.4834,0.5459,0.4153
6,AAPL,2020,0.6109,0.3897,0.6303,0.399,0.4929,0.4834,0.5459
7,AAPL,2021,0.3447,0.3978,0.6109,0.6303,0.399,0.4929,0.4834
8,AAPL,2022,0.5092,0.3544,0.3447,0.6109,0.6303,0.399,0.4929
9,AAPL,2023,0.6872,0.4162,0.5092,0.3447,0.6109,0.6303,0.399
10,ABBV,2014,0.1736,0.2888,,,,,
11,ABBV,2015,0.1672,0.1909,0.1736,,,,
12,ABBV,2016,0.3132,0.4632,0.1672,0.1736,,,
13,ABBV,2017,0.2752,0.5123,0.3132,0.1672,0.1736,,
14,ABBV,2018,0.2247,0.4291,0.2752,0.3132,0.1672,0.1736,
15,ABBV,2019,0.245,0.4552,0.2247,0.2752,0.3132,0.1672,0.1736
16,ABBV,2020,0.1674,0.354,0.245,0.2247,0.2752,0.3132,0.1672
17,ABBV,2021,0.1946,0.2622,0.1674,0.245,0.2247,0.2752,0.3132
18,ABBV,2022,0.1363,0.2824,0.1946,0.1674,0.245,0.2247,0.2752
19,ABBV,2023,0.1384,0.2351,0.1363,0.1946,0.1674,0.245,0.2247
20,ABT,2014,0.6192,0.354,,,,,
21,ABT,2015,0.4143,0.4323,0.6192,,,,
22,ABT,2016,0.3316,0.535,0.4143,0.6192,,,
23,ABT,2017,0.26,0.6123,0.3316,0.4143,0.6192,,
24,ABT,2018,0.517,0.4744,0.26,0.3316,0.4143,0.6192,
25,ABT,2019,0.3995,0.3757,0.517,0.26,0.3316,0.4143,0.6192
26,ABT,2020,0.4964,0.3713,0.3995,0.517,0.26,0.3316,0.4143
27,ABT,2021,0.4121,0.3504,0.4964,0.3995,0.517,0.26,0.3316
28,ABT,2022,0.5598,0.2482,0.4121,0.4964,0.3995,0.517,0.26
29,ABT,2023,0.5164,0.4313,0.5598,0.4121,0.4964,0.3995,0.517
30,ADBE,2014,0.5441,0.5858,,,,,
31,ADBE,2015,0.6176,0.3097,0.5441,,,,
32,ADBE,2016,0.4431,0.2679,0.6176,0.5441,,,
33,ADBE,2017,0.4559,0.2442,0.4431,0.6176,0.5441,,
34,ADBE,2018,0.5034,0.3105,0.4559,0.4431,0.6176,0.5441,
35,ADBE,2019,0.4222,0.2644,0.5034,0.4559,0.4431,0.6176,0.5441
36,ADBE,2020,0.5643,0.3966,0.4222,0.5034,0.4559,0.4431,0.6176
37,ADBE,2021,0.4177,0.4099,0.5643,0.4222,0.5034,0.4559,0.4431
38,ADBE,2022,0.6793,0.3914,0.4177,0.5643,0.4222,0.5034,0.4559
39,ADBE,2023,0.5044,0.5165,0.6793,0.4177,0.5643,0.4222,0.5034
40,ADI,2014,0.5677,0.4601,,,,,
41,ADI,2015,0.6266,0.5102,0.5677,,,,
42,ADI,2016,0.7239,0.4131,0.6266,0.5677,,,
43,ADI,2017,0.7306,0.309,0.7239,0.6266,0.5677,,
44,ADI,2018,0.5823,0.5693,0.7306,0.7239,0.6266,0.5677,
45,ADI,2019,0.5297,0.5325,0.5823,0.7306,0.7239,0.6266,0.5677
46,ADI,2020,0.2953,0.4027,0.5297,0.5823,0.7306,0.7239,0.6266
47,ADI,2021,0.3475,0.3864,0.2953,0.5297,0.5823,0.7306,0.7239
48,ADI,2022,0.4838,0.3096,0.3475,0.2953,0.5297,0.5823,0.7306
49,ADI,2023,0.3427,0.4387,0.4838,0.3475,0.2953,0.5297,0.5823
50,ADP,2014,0.5469,0.4209,,,,,
51,ADP,2015,0.539,0.3775,0.5469,,,,
52,ADP,2016,0.6292,0.5562,0.539,0.5469,,,
53,ADP,2017,0.4032,0.4752,0.6292,0.539,0.5469,,
54,ADP,2018,0.4824,0.4863,0.4032,0.6292,0.539,0.5469,
55,ADP,2019,0.4718,0.3133,0.4824,0.4032,0.6292,0.539,0.5469
56,ADP,2020,0.612,0.4392,0.4718,0.4824,0.4032,0.6292,0.539
57,ADP,2021,0.5687,0.4541,0.612,0.4718,0.4824,0.4032,0.6292
58,ADP,2022,0.4435,0.3966,0.5687,0.612,0.4718,0.4824,0.4032
59,ADP,2023,0.505,0.6339,0.4435,0.5687,0.612,0.4718,0.4824
60,AMAT,2014,0.2746,0.2827,,,,,
61,AMAT,2015,0.3953,0.2876,0.2746,,,,
62,AMAT,2016,0.2878,0.298,0.3953,0.2746,,,
63,AMAT,2017,0.2991,0.4453,0.2878,0.3953,0.2746,,
64,AMAT,2018,0.3174,0.5189,0.2991,0.2878,0.3953,0.2746,
65,AMAT,2019,0.4411,0.2666,0.3174,0.2991,0.2878,0.3953,0.2746
66,AMAT,2020,0.3813,0.4695,0.4411,0.3174,0.2991,0.2878,0.3953
67,AMAT,2021,0.3491,0.342,0.3813,0.4411,0.3174,0.2991,0.2878
68,AMAT,2022,0.3414,0.3729,0.3491,0.3813,0.4411,0.3174,0.2991
69,AMAT,2023,0.393,0.7237,0.3414,0.3491,0.3813,0.4411,0.3174
70,AMD,2014,0.4175,0.455,,,,,
71,AMD,2015,0.4128,0.5673,0.4175,,,,
72,AMD,2016,0.4,0.3556,0.4128,0.4175,,,
73,AMD,2017,0.4024,0.5378,0.4,0.4128,0.4175,,
74,AMD,2018,0.2668,0.3641,0.4024,0.4,0.4128,0.4175,
75,AMD,2019,0.3864,0.5375,0.2668,0.4024,0.4,0.4128,0.4175
76,AMD,2020,0.4438,0.4018,0.3864,0.2668,0.4024,0.4,0.4128
77,AMD,2021,0.2679,0.2888,0.4438,0.3864,0.2668,0.4024,0.4
78,AMD,2022,0.2181,0.3507,0.2679,0.4438,0.3864,0.2668,0.4024
79,AMD,2023,0.305,0.3516,0.2181,0.2679,0.4438,0.3864,0.2668
80,AMGN,2014,0.355,0.1898,,,,,
81,AMGN,2015,0.1511,0.1505,0.355,,,,
82,AMGN,2016,0.4624,0.1685,0.1511,0.355,,,
83,AMGN,2017,0.2578,0.4255,0.4624,0.1511,0.355,,
84,AMGN,2018,0.3626,0.3509,0.2578,0.4624,0.1511,0.355,
85,AMGN,2019,0.3432,0.3903,0.3626,0.2578,0.4624,0.1511,0.355
86,AMGN,2020,0.2684,0.2986,0.3432,0.3626,0.2578,0.4624,0.1511
87,AMGN,2021,0.2577,0.2849,0.2684,0.3432,0.3626,0.2578,0.4624
88,AMGN,2022,0.2635,0.2527,0.2577,0.2684,0.3432,0.3626,0.2578
89,AMGN,2023,0.2715,0.3224,0.2635,0.2577,0.2684,0.3432,0.3626
90,AMT,2014,0.3566,0.202,,,,,
91,AMT,2015,0.359,0.2743,0.3566,,,,
92,AMT,2016,0.3585,0.2873,0.359,0.3566,,,
93,AMT,2017,0.3605,0.2535,0.3585,0.359,0.3566,,
94,AMT,2018,0.3167,0.2844,0.3605,0.3585,0.359,0.3566,
95,AMT,2019,0.3659,0.3236,0.3167,0.3605,0.3585,0.359,0.3566
96,AMT,2020,0.3359,0.2864,0.3659,0.3167,0.3605,0.3585,0.359
97,AMT,2021,0.4393,0.2712,0.3359,0.3659,0.3167,0.3605,0.3585
98,AMT,2022,0.3795,0.2641,0.4393,0.3359,0.3659,0.3167,0.3605
99,AMT,2023,0.3499,0.2866,0.3795,0.4393,0.3359,0.3659,0.3167
100,AMZN,2014,0.4375,0.3359,,,,,
101,AMZN,2015,0.4648,0.3584,0.4375,,,,
102,AMZN,2016,0.4724,0.1961,0.4648,0.4375,,,
103,AMZN,2017,0.4045,0.5395,0.4724,0.4648,0.4375,,
104,AMZN,2018,0.3965,0.3553,0.4045,0.4724,0.4648,0.4375,
105,AMZN,2019,0.456,0.4001,0.3965,0.4045,0.4724,0.4648,0.4375
106,AMZN,2020,0.4397,0.3948,0.456,0.3965,0.4045,0.4724,0.4648
107,AMZN,2021,0.471,0.4235,0.4397,0.456,0.3965,0.4045,0.4724
108,AMZN,2022,0.4132,0.5665,0.471,0.4397,0.456,0.3965,0.4045
109,AMZN,2023,0.438,0.3395,0.4132,0.471,0.4397,0.456,0.3965
110,ANET,2014,0.3534,0.2378,,,,,
111,ANET,2015,0.3829,0.2114,0.3534,,,,
112,ANET,2016,0.4177,0.2644,0.3829,0.3534,,,
113,ANET,2017,0.4542,0.2699,0.4177,0.3829,0.3534,,
114,ANET,2018,0.3845,0.2135,0.4542,0.4177,0.3829,0.3534,
115,ANET,2019,0.334,0.384,0.3845,0.4542,0.4177,0.3829,0.3534
116,ANET,2020,0.3306,0.4176,0.334,0.3845,0.4542,0.4177,0.3829
117,ANET,2021,0.3242,0.3834,0.3306,0.334,0.3845,0.4542,0.4177
118,ANET,2022,0.3154,0.3866,0.3242,0.3306,0.334,0.3845,0.4542
119,ANET,2023,0.3765,0.4375,0.3154,0.3242,0.3306,0.334,0.3845
120,APH,2014,0.4914,0.349,,,,,
121,APH,2015,0.519,0.2883,0.4914,,,,
122,APH,2016,0.5046,0.3386,0.519,0.4914,,,
123,APH,2017,0.5332,0.4818,0.5046,0.519,0.4914,,
124,APH,2018,0.5909,0.2467,0.5332,0.5046,0.519,0.4914,
125,APH,2019,0.4758,0.3037,0.5909,0.5332,0.5046,0.519,0.4914
126,APH,2020,0.4609,0.2969,0.4758,0.5909,0.5332,0.5046,0.519
127,APH,2021,0.5278,0.5353,0.4609,0.4758,0.5909,0.5332,0.5046
128,APH,2022,0.4007,0.4293,0.5278,0.4609,0.4758,0.5909,0.5332
129,APH,2023,0.3573,0.2248,0.4007,0.5278,0.4609,0.4758,0.5909
130,AVGO,2014,0.4035,0.3396,,,,,
131,AVGO,2015,0.3373,0.4091,0.4035,,,,
132,AVGO,2016,0.499,0.3,0.3373,0.4035,,,
133,AVGO,2017,0.608,0.3216,0.499,0.3373,0.4035,,
134,AVGO,2018,0.6107,0.3185,0.608,0.499,0.3373,0.4035,
135,AVGO,2019,0.4625,0.281,0.6107,0.608,0.499,0.3373,0.4035
136,AVGO,2020,0.4464,0.336,0.4625,0.6107,0.608,0.499,0.3373
137,AVGO,2021,0.4769,0.3963,0.4464,0.4625,0.6107,0.608,0.499
138,AVGO,2022,0.4422,0.3759,0.4769,0.4464,0.4625,0.6107,0.608
139,AVGO,2023,0.4863,0.2396,0.4422,0.4769,0.4464,0.4625,0.6107
140,AXP,2014,,,,,,,
141,AXP,2015,0.3422,0.7706,,,,,
142,AXP,2016,0.4111,0.537,0.3422,,,,
143,AXP,2017,0.5165,0.7301,0.4111,0.3422,,,
144,AXP,2018,0.2651,0.445,0.5165,0.4111,0.3422,,
145,AXP,2019,0.5825,0.5057,0.2651,0.5165,0.4111,0.3422,
146,AXP,2020,0.5733,0.453,0.5825,0.2651,0.5165,0.4111,0.3422
147,AXP,2021,0.6238,0.4391,0.5733,0.5825,0.2651,0.5165,0.4111
148,AXP,2022,0.6607,0.5089,0.6238,0.5733,0.5825,0.2651,0.5165
149,AXP,2023,0.6604,0.6172,0.6607,0.6238,0.5733,0.5825,0.2651
150,BA,2014,0.3479,0.3732,,,,,
151,BA,2015,0.3584,0.3798,0.3479,,,,
152,BA,2016,0.3192,0.3775,0.3584,0.3479,,,
153,BA,2017,0.3645,0.4689,0.3192,0.3584,0.3479,,
154,BA,2018,0.3678,0.323,0.3645,0.3192,0.3584,0.3479,
155,BA,2019,0.3434,0.322,0.3678,0.3645,0.3192,0.3584,0.3479
156,BA,2020,0.3802,0.3982,0.3434,0.3678,0.3645,0.3192,0.3584
157,BA,2021,0.3619,0.3991,0.3802,0.3434,0.3678,0.3645,0.3192
158,BA,2022,0.3571,0.4064,0.3619,0.3802,0.3434,0.3678,0.3645
159,BA,2023,0.3636,0.4245,0.3571,0.3619,0.3802,0.3434,0.3678
160,BAC,2014,0.7756,0.5737,,,,,
161,BAC,2015,0.8101,0.721,0.7756,,,,
162,BAC,2016,0.8109,0.6007,0.8101,0.7756,,,
163,BAC,2017,0.7032,0.6338,0.8109,0.8101,0.7756,,
164,BAC,2018,0.8461,0.5295,0.7032,0.8109,0.8101,0.7756,
165,BAC,2019,0.8268,0.6205,0.8461,0.7032,0.8109,0.8101,0.7756
166,BAC,2020,0.7838,0.5137,0.8268,0.8461,0.7032,0.8109,0.8101
167,BAC,2021,0.7923,0.5587,0.7838,0.8268,0.8461,0.7032,0.8109
168,BAC,2022,0.8067,0.6774,0.7923,0.7838,0.8268,0.8461,0.7032
169,BAC,2023,0.7085,0.4722,0.8067,0.7923,0.7838,0.8268,0.8461
170,BKNG,2014,0.3438,0.3536,,,,,
171,BKNG,2015,0.4283,0.3645,0.3438,,,,
172,BKNG,2016,0.4268,0.3447,0.4283,0.3438,,,
173,BKNG,2017,0.4069,0.3361,0.4268,0.4283,0.3438,,
174,BKNG,2018,0.3654,0.3478,0.4069,0.4268,0.4283,0.3438,
175,BKNG,2019,0.294,0.3873,0.3654,0.4069,0.4268,0.4283,0.3438
176,BKNG,2020,0.2792,0.3605,0.294,0.3654,0.4069,0.4268,0.4283
177,BKNG,2021,0.3233,0.3441,0.2792,0.294,0.3654,0.4069,0.4268
178,BKNG,2022,0.3882,0.2834,0.3233,0.2792,0.294,0.3654,0.4069
179,BKNG,2023,0.4494,0.2961,0.3882,0.3233,0.2792,0.294,0.3654
180,BLK,2014,0.528,0.4632,,,,,
181,BLK,2015,0.3401,0.5006,0.528,,,,
182,BLK,2016,0.4771,0.3914,0.3401,0.528,,,
183,BLK,2017,0.4286,0.4791,0.4771,0.3401,0.528,,
184,BLK,2018,0.3899,0.3362,0.4286,0.4771,0.3401,0.528,
185,BLK,2019,0.424,0.3578,0.3899,0.4286,0.4771,0.3401,0.528
186,BLK,2020,0.3681,0.3538,0.424,0.3899,0.4286,0.4771,0.3401
187,BLK,2021,0.3775,0.3329,0.3681,0.424,0.3899,0.4286,0.4771
188,BLK,2022,0.3673,0.3142,0.3775,0.3681,0.424,0.3899,0.4286
189,BLK,2023,0.3703,0.2939,0.3673,0.3775,0.3681,0.424,0.3899
190,BMY,2014,0.1917,0.3227,,,,,
191,BMY,2015,0.2187,0.3159,0.1917,,,,
192,BMY,2016,0.1991,0.4904,0.2187,0.1917,,,
193,BMY,2017,0.388,0.4167,0.1991,0.2187,0.1917,,
194,BMY,2018,0.6147,0.3748,0.388,0.1991,0.2187,0.1917,
195,BMY,2019,0.4929,0.4161,0.6147,0.388,0.1991,0.2187,0.1917
196,BMY,2020,0.5963,0.2747,0.4929,0.6147,0.388,0.1991,0.2187
197,BMY,2021,0.61,0.3194,0.5963,0.4929,0.6147,0.388,0.1991
198,BMY,2022,0.6071,0.5008,0.61,0.5963,0.4929,0.6147,0.388
199,BMY,2023,0.6957,0.4861,0.6071,0.61,0.5963,0.4929,0.6147
200,BRK-B,2014,0.2604,0.4011,,,,,
201,BRK-B,2015,0.2401,0.5692,0.2604,,,,
202,BRK-B,2016,0.2333,0.3818,0.2401,0.2604,,,
203,BRK-B,2017,0.2282,0.3313,0.2333,0.2401,0.2604,,
204,BRK-B,2018,0.2672,0.4167,0.2282,0.2333,0.2401,0.2604,
205,BRK-B,2019,0.2607,0.4428,0.2672,0.2282,0.2333,0.2401,0.2604
206,BRK-B,2020,0.3225,0.5348,0.2607,0.2672,0.2282,0.2333,0.2401
207,BRK-B,2021,0.4921,0.4403,0.3225,0.2607,0.2672,0.2282,0.2333
208,BRK-B,2022,0.2495,0.4534,0.4921,0.3225,0.2607,0.2672,0.2282
209,BRK-B,2023,0.268,0.399,0.2495,0.4921,0.3225,0.2607,0.2672
210,BSX,2014,0.4612,0.1158,,,,,
211,BSX,2015,0.3825,0.2336,0.4612,,,,
212,BSX,2016,0.6343,0.4033,0.3825,0.4612,,,
213,BSX,2017,0.5882,0.4927,0.6343,0.3825,0.4612,,
214,BSX,2018,0.2323,0.5744,0.5882,0.6343,0.3825,0.4612,
215,BSX,2019,0.4082,0.4718,0.2323,0.5882,0.6343,0.3825,0.4612
216,BSX,2020,0.4664,0.3963,0.4082,0.2323,0.5882,0.6343,0.3825
217,BSX,2021,0.4674,0.5468,0.4664,0.4082,0.2323,0.5882,0.6343
218,BSX,2022,0.6029,0.3947,0.4674,0.4664,0.4082,0.2323,0.5882
219,BSX,2023,0.2621,0.3221,0.6029,0.4674,0.4664,0.4082,0.2323
220,BX,2014,0.3264,0.6965,,,,,
221,BX,2015,0.6132,0.5999,0.3264,,,,
222,BX,2016,0.6351,0.6504,0.6132,0.3264,,,
223,BX,2017,0.6777,0.6143,0.6351,0.6132,0.3264,,
224,BX,2018,0.5998,0.5955,0.6777,0.6351,0.6132,0.3264,
225,BX,2019,0.5104,0.7803,0.5998,0.6777,0.6351,0.6132,0.3264
226,BX,2020,0.3564,0.4471,0.5104,0.5998,0.6777,0.6351,0.6132
227,BX,2021,0.6086,0.479,0.3564,0.5104,0.5998,0.6777,0.6351
228,BX,2022,0.569,0.6313,0.6086,0.3564,0.5104,0.5998,0.6777
229,BX,2023,0.6551,0.6467,0.569,0.6086,0.3564,0.5104,0.5998
230,C,2014,0.3879,0.6001,,,,,
231,C,2015,0.6489,0.3397,0.3879,,,,
232,C,2016,0.5128,0.3985,0.6489,0.3879,,,
233,C,2017,0.552,0.5616,0.5128,0.6489,0.3879,,
234,C,2018,0.6543,0.4961,0.552,0.5128,0.6489,0.3879,
235,C,2019,0.6554,0.5106,0.6543,0.552,0.5128,0.6489,0.3879
236,C,2020,0.4204,0.5354,0.6554,0.6543,0.552,0.5128,0.6489
237,C,2021,0.3112,0.5046,0.4204,0.6554,0.6543,0.552,0.5128
238,C,2022,0.5146,0.2861,0.3112,0.4204,0.6554,0.6543,0.552
239,C,2023,0.6469,0.3441,0.5146,0.3112,0.4204,0.6554,0.6543
240,CAT,2014,,,,,,,
241,CAT,2015,0.8661,0.3675,,,,,
242,CAT,2016,0.7917,0.5445,0.8661,,,,
243,CAT,2017,0.8241,0.6107,0.7917,0.8661,,,
244,CAT,2018,0.6678,0.5222,0.8241,0.7917,0.8661,,
245,CAT,2019,0.8602,0.3927,0.6678,0.8241,0.7917,0.8661,
246,CAT,2020,0.3703,0.3657,0.8602,0.6678,0.8241,0.7917,0.8661
247,CAT,2021,0.6729,0.3482,0.3703,0.8602,0.6678,0.8241,0.7917
248,CAT,2022,0.4738,0.602,0.6729,0.3703,0.8602,0.6678,0.8241
249,CAT,2023,0.4547,0.6882,0.4738,0.6729,0.3703,0.8602,0.6678
250,CMCSA,2014,0.4026,0.3013,,,,,
251,CMCSA,2015,0.324,0.4919,0.4026,,,,
252,CMCSA,2016,0.4027,0.5143,0.324,0.4026,,,
253,CMCSA,2017,0.413,0.5588,0.4027,0.324,0.4026,,
254,CMCSA,2018,0.3895,0.7603,0.413,0.4027,0.324,0.4026,
255,CMCSA,2019,0.355,0.7121,0.3895,0.413,0.4027,0.324,0.4026
256,CMCSA,2020,0.5181,0.446,0.355,0.3895,0.413,0.4027,0.324
257,CMCSA,2021,0.8382,0.6191,0.5181,0.355,0.3895,0.413,0.4027
258,CMCSA,2022,0.8048,0.5229,0.8382,0.5181,0.355,0.3895,0.413
259,CMCSA,2023,0.7121,0.7291,0.8048,0.8382,0.5181,0.355,0.3895
260,CME,2014,0.7519,0.4734,,,,,
261,CME,2015,0.7038,0.5388,0.7519,,,,
262,CME,2016,0.6246,0.5351,0.7038,0.7519,,,
263,CME,2017,0.6387,0.4953,0.6246,0.7038,0.7519,,
264,CME,2018,0.4517,0.5313,0.6387,0.6246,0.7038,0.7519,
265,CME,2019,0.6186,0.2581,0.4517,0.6387,0.6246,0.7038,0.7519
266,CME,2020,0.6191,0.4946,0.6186,0.4517,0.6387,0.6246,0.7038
267,CME,2021,0.5864,0.4442,0.6191,0.6186,0.4517,0.6387,0.6246
268,CME,2022,0.4939,0.5142,0.5864,0.6191,0.6186,0.4517,0.6387
269,CME,2023,0.5847,0.5119,0.4939,0.5864,0.6191,0.6186,0.4517
270,COP,2014,0.5004,0.5347,,,,,
271,COP,2015,0.4717,0.506,0.5004,,,,
272,COP,2016,0.2268,0.5143,0.4717,0.5004,,,
273,COP,2017,0.3946,0.4519,0.2268,0.4717,0.5004,,
274,COP,2018,0.5184,0.4679,0.3946,0.2268,0.4717,0.5004,
275,COP,2019,0.5503,0.5503,0.5184,0.3946,0.2268,0.4717,0.5004
276,COP,2020,0.4208,0.4208,0.5503,0.5184,0.3946,0.2268,0.4717
277,COP,2021,0.2523,0.2523,0.4208,0.5503,0.5184,0.3946,0.2268
278,COP,2022,0.2826,0.6014,0.2523,0.4208,0.5503,0.5184,0.3946
279,COP,2023,0.5019,0.3996,0.2826,0.2523,0.4208,0.5503,0.5184
280,COST,2014,0.3428,0.2895,,,,,
281,COST,2015,0.3124,0.3323,0.3428,,,,
282,COST,2016,0.3153,0.2745,0.3124,0.3428,,,
283,COST,2017,0.3819,0.3037,0.3153,0.3124,0.3428,,
284,COST,2018,0.3436,0.3186,0.3819,0.3153,0.3124,0.3428,
285,COST,2019,0.2745,0.366,0.3436,0.3819,0.3153,0.3124,0.3428
286,COST,2020,0.2575,0.3838,0.2745,0.3436,0.3819,0.3153,0.3124
287,COST,2021,0.3608,0.3546,0.2575,0.2745,0.3436,0.3819,0.3153
288,COST,2022,0.3032,0.3572,0.3608,0.2575,0.2745,0.3436,0.3819
289,COST,2023,0.317,0.5754,0.3032,0.3608,0.2575,0.2745,0.3436
290,CRM,2014,0.4963,0.3093,,,,,
291,CRM,2015,0.5113,0.3181,0.4963,,,,
292,CRM,2016,0.5084,0.3523,0.5113,0.4963,,,
293,CRM,2017,0.5295,0.3051,0.5084,0.5113,0.4963,,
294,CRM,2018,0.5651,0.396,0.5295,0.5084,0.5113,0.4963,
295,CRM,2019,0.4734,0.4079,0.5651,0.5295,0.5084,0.5113,0.4963
296,CRM,2020,0.4759,0.4349,0.4734,0.5651,0.5295,0.5084,0.5113
297,CRM,2021,0.4819,0.3482,0.4759,0.4734,0.5651,0.5295,0.5084
298,CRM,2022,0.5416,0.572,0.4819,0.4759,0.4734,0.5651,0.5295
299,CRM,2023,0.4939,0.572,0.5416,0.4819,0.4759,0.4734,0.5651
300,CSCO,2014,0.5703,0.3059,,,,,
301,CSCO,2015,0.517,0.3875,0.5703,,,,
302,CSCO,2016,0.6136,0.3213,0.517,0.5703,,,
303,CSCO,2017,0.4574,0.294,0.6136,0.517,0.5703,,
304,CSCO,2018,0.4902,0.7425,0.4574,0.6136,0.517,0.5703,
305,CSCO,2019,0.5378,0.3317,0.4902,0.4574,0.6136,0.517,0.5703
306,CSCO,2020,0.4796,0.5491,0.5378,0.4902,0.4574,0.6136,0.517
307,CSCO,2021,0.6162,0.5527,0.4796,0.5378,0.4902,0.4574,0.6136
308,CSCO,2022,0.5255,0.4278,0.6162,0.4796,0.5378,0.4902,0.4574
309,CSCO,2023,0.492,0.3889,0.5255,0.6162,0.4796,0.5378,0.4902
310,DHR,2014,0.4798,0.4253,,,,,
311,DHR,2015,0.3925,0.4983,0.4798,,,,
312,DHR,2016,0.4524,0.5039,0.3925,0.4798,,,
313,DHR,2017,0.3802,0.2908,0.4524,0.3925,0.4798,,
314,DHR,2018,0.3561,0.5839,0.3802,0.4524,0.3925,0.4798,
315,DHR,2019,0.4311,0.3703,0.3561,0.3802,0.4524,0.3925,0.4798
316,DHR,2020,0.3808,0.4527,0.4311,0.3561,0.3802,0.4524,0.3925
317,DHR,2021,0.3572,0.4442,0.3808,0.4311,0.3561,0.3802,0.4524
318,DHR,2022,0.3175,0.6841,0.3572,0.3808,0.4311,0.3561,0.3802
319,DHR,2023,0.3409,0.5524,0.3175,0.3572,0.3808,0.4311,0.3561
320,DIS,2014,0.2281,0.6624,,,,,
321,DIS,2015,0.2569,0.4956,0.2281,,,,
322,DIS,2016,0.889,0.6597,0.2569,0.2281,,,
323,DIS,2017,0.2931,0.402,0.889,0.2569,0.2281,,
324,DIS,2018,0.6382,0.2888,0.2931,0.889,0.2569,0.2281,
325,DIS,2019,0.5142,0.2554,0.6382,0.2931,0.889,0.2569,0.2281
326,DIS,2020,0.5686,0.4349,0.5142,0.6382,0.2931,0.889,0.2569
327,DIS,2021,0.706,0.406,0.5686,0.5142,0.6382,0.2931,0.889
328,DIS,2022,0.3162,0.3885,0.706,0.5686,0.5142,0.6382,0.2931
329,DIS,2023,0.576,0.5622,0.3162,0.706,0.5686,0.5142,0.6382
330,ELV,2014,0.2225,0.2949,,,,,
331,ELV,2015,0.2914,0.2744,0.2225,,,,
332,ELV,2016,0.2423,0.2748,0.2914,0.2225,,,
333,ELV,2017,0.3534,0.3359,0.2423,0.2914,0.2225,,
334,ELV,2018,0.3053,0.3267,0.3534,0.2423,0.2914,0.2225,
335,ELV,2019,0.2875,0.309,0.3053,0.3534,0.2423,0.2914,0.2225
336,ELV,2020,0.3761,0.3514,0.2875,0.3053,0.3534,0.2423,0.2914
337,ELV,2021,0.4975,0.3299,0.3761,0.2875,0.3053,0.3534,0.2423
338,ELV,2022,0.3357,0.3609,0.4975,0.3761,0.2875,0.3053,0.3534
339,ELV,2023,0.3667,0.4777,0.3357,0.4975,0.3761,0.2875,0.3053
340,EQIX,2014,0.4618,0.7506,,,,,
341,EQIX,2015,0.3665,0.3155,0.4618,,,,
342,EQIX,2016,0.4431,0.6698,0.3665,0.4618,,,
343,EQIX,2017,0.4177,0.328,0.4431,0.3665,0.4618,,
344,EQIX,2018,0.4249,0.2827,0.4177,0.4431,0.3665,0.4618,
345,EQIX,2019,0.5416,0.3968,0.4249,0.4177,0.4431,0.3665,0.4618
346,EQIX,2020,0.5204,0.3873,0.5416,0.4249,0.4177,0.4431,0.3665
347,EQIX,2021,0.4859,0.3324,0.5204,0.5416,0.4249,0.4177,0.4431
348,EQIX,2022,0.4118,0.4276,0.4859,0.5204,0.5416,0.4249,0.4177
349,EQIX,2023,0.4092,0.5726,0.4118,0.4859,0.5204,0.5416,0.4249
350,FI,2014,0.5404,0.3336,,,,,
351,FI,2015,0.5502,0.4179,0.5404,,,,
352,FI,2016,0.5257,0.4666,0.5502,0.5404,,,
353,FI,2017,0.4922,0.602,0.5257,0.5502,0.5404,,
354,FI,2018,0.5489,0.4047,0.4922,0.5257,0.5502,0.5404,
355,FI,2019,0.6198,0.396,0.5489,0.4922,0.5257,0.5502,0.5404
356,FI,2020,0.5142,0.3635,0.6198,0.5489,0.4922,0.5257,0.5502
357,FI,2021,0.5108,0.6237,0.5142,0.6198,0.5489,0.4922,0.5257
358,FI,2022,0.4631,0.5622,0.5108,0.5142,0.6198,0.5489,0.4922
359,FI,2023,0.556,0.3709,0.4631,0.5108,0.5142,0.6198,0.5489
360,GE,2014,0.6434,0.7413,,,,,
361,GE,2015,0.7281,0.7129,0.6434,,,,
362,GE,2016,0.7032,0.3023,0.7281,0.6434,,,
363,GE,2017,0.4818,0.5837,0.7032,0.7281,0.6434,,
364,GE,2018,0.7288,0.6588,0.4818,0.7032,0.7281,0.6434,
365,GE,2019,0.7941,0.7485,0.7288,0.4818,0.7032,0.7281,0.6434
366,GE,2020,0.6767,0.3895,0.7941,0.7288,0.4818,0.7032,0.7281
367,GE,2021,0.504,0.4037,0.6767,0.7941,0.7288,0.4818,0.7032
368,GE,2022,0.6432,0.3437,0.504,0.6767,0.7941,0.7288,0.4818
369,GE,2023,0.5677,0.6071,0.6432,0.504,0.6767,0.7941,0.7288
370,GILD,2014,0.6069,0.507,,,,,
371,GILD,2015,0.5929,0.353,0.6069,,,,
372,GILD,2016,0.4121,0.4424,0.5929,0.6069,,,
373,GILD,2017,0.3899,0.3803,0.4121,0.5929,0.6069,,
374,GILD,2018,0.4409,0.4371,0.3899,0.4121,0.5929,0.6069,
375,GILD,2019,0.4008,0.5145,0.4409,0.3899,0.4121,0.5929,0.6069
376,GILD,2020,0.6983,0.2534,0.4008,0.4409,0.3899,0.4121,0.5929
377,GILD,2021,0.4767,0.5947,0.6983,0.4008,0.4409,0.3899,0.4121
378,GILD,2022,0.3551,0.5377,0.4767,0.6983,0.4008,0.4409,0.3899
379,GILD,2023,0.4358,0.5256,0.3551,0.4767,0.6983,0.4008,0.4409
380,GOOGL,2014,0.3417,0.2942,,,,,
381,GOOGL,2015,0.3668,0.3351,0.3417,,,,
382,GOOGL,2016,0.271,0.2659,0.3668,0.3417,,,
383,GOOGL,2017,0.3881,0.2999,0.271,0.3668,0.3417,,
384,GOOGL,2018,0.2748,0.2324,0.3881,0.271,0.3668,0.3417,
385,GOOGL,2019,0.2293,0.2553,0.2748,0.3881,0.271,0.3668,0.3417
386,GOOGL,2020,0.3861,0.4008,0.2293,0.2748,0.3881,0.271,0.3668
387,GOOGL,2021,0.3177,0.6685,0.3861,0.2293,0.2748,0.3881,0.271
388,GOOGL,2022,0.4347,0.3587,0.3177,0.3861,0.2293,0.2748,0.3881
389,GOOGL,2023,0.4634,0.3137,0.4347,0.3177,0.3861,0.2293,0.2748
390,GS,2014,0.4916,0.597,,,,,
391,GS,2015,0.8516,0.6618,0.4916,,,,
392,GS,2016,0.6125,0.5981,0.8516,0.4916,,,
393,GS,2017,0.5118,0.505,0.6125,0.8516,0.4916,,
394,GS,2018,0.8094,0.7498,0.5118,0.6125,0.8516,0.4916,
395,GS,2019,0.7589,0.7782,0.8094,0.5118,0.6125,0.8516,0.4916
396,GS,2020,0.5774,0.5595,0.7589,0.8094,0.5118,0.6125,0.8516
397,GS,2021,0.757,0.643,0.5774,0.7589,0.8094,0.5118,0.6125
398,GS,2022,0.8054,0.6259,0.757,0.5774,0.7589,0.8094,0.5118
399,GS,2023,0.6519,0.5807,0.8054,0.757,0.5774,0.7589,0.8094
400,HD,2014,0.3948,0.5961,,,,,
401,HD,2015,0.3361,0.4032,0.3948,,,,
402,HD,2016,0.3812,0.5219,0.3361,0.3948,,,
403,HD,2017,0.314,0.4999,0.3812,0.3361,0.3948,,
404,HD,2018,0.4276,0.326,0.314,0.3812,0.3361,0.3948,
405,HD,2019,0.3201,0.3848,0.4276,0.314,0.3812,0.3361,0.3948
406,HD,2020,0.3376,0.3816,0.3201,0.4276,0.314,0.3812,0.3361
407,HD,2021,0.3664,0.508,0.3376,0.3201,0.4276,0.314,0.3812
408,HD,2022,0.3289,0.5468,0.3664,0.3376,0.3201,0.4276,0.314
409,HD,2023,0.3863,0.347,0.3289,0.3664,0.3376,0.3201,0.4276
410,HON,2014,0.4501,0.4126,,,,,
411,HON,2015,0.3653,0.4637,0.4501,,,,
412,HON,2016,0.5591,0.5065,0.3653,0.4501,,,
413,HON,2017,0.3843,0.4377,0.5591,0.3653,0.4501,,
414,HON,2018,0.4234,0.442,0.3843,0.5591,0.3653,0.4501,
415,HON,2019,0.4292,0.3592,0.4234,0.3843,0.5591,0.3653,0.4501
416,HON,2020,0.7932,0.5839,0.4292,0.4234,0.3843,0.5591,0.3653
417,HON,2021,0.8909,0.4458,0.7932,0.4292,0.4234,0.3843,0.5591
418,HON,2022,0.7388,0.6077,0.8909,0.7932,0.4292,0.4234,0.3843
419,HON,2023,0.7916,0.3376,0.7388,0.8909,0.7932,0.4292,0.4234
420,ICE,2014,0.4837,0.3045,,,,,
421,ICE,2015,0.6391,0.335,0.4837,,,,
422,ICE,2016,0.4113,0.3226,0.6391,0.4837,,,
423,ICE,2017,0.4096,0.2566,0.4113,0.6391,0.4837,,
424,ICE,2018,0.5387,0.6407,0.4096,0.4113,0.6391,0.4837,
425,ICE,2019,0.5222,0.3595,0.5387,0.4096,0.4113,0.6391,0.4837
426,ICE,2020,0.4752,0.3989,0.5222,0.5387,0.4096,0.4113,0.6391
427,ICE,2021,0.4389,0.3585,0.4752,0.5222,0.5387,0.4096,0.4113
428,ICE,2022,0.4774,0.3307,0.4389,0.4752,0.5222,0.5387,0.4096
429,ICE,2023,0.4334,0.3789,0.4774,0.4389,0.4752,0.5222,0.5387
430,INTU,2014,0.5868,0.4831,,,,,
431,INTU,2015,0.521,0.3557,0.5868,,,,
432,INTU,2016,0.5523,0.3704,0.521,0.5868,,,
433,INTU,2017,0.5541,0.5159,0.5523,0.521,0.5868,,
434,INTU,2018,0.5111,0.6414,0.5541,0.5523,0.521,0.5868,
435,INTU,2019,0.4829,0.5168,0.5111,0.5541,0.5523,0.521,0.5868
436,INTU,2020,0.485,0.4421,0.4829,0.5111,0.5541,0.5523,0.521
437,INTU,2021,0.4441,0.5049,0.485,0.4829,0.5111,0.5541,0.5523
438,INTU,2022,0.5277,0.7006,0.4441,0.485,0.4829,0.5111,0.5541
439,INTU,2023,0.5442,0.4329,0.5277,0.4441,0.485,0.4829,0.5111
440,ISRG,2014,0.2692,0.392,,,,,
441,ISRG,2015,0.1949,0.1428,0.2692,,,,
442,ISRG,2016,0.1915,0.1006,0.1949,0.2692,,,
443,ISRG,2017,0.5019,0.1169,0.1915,0.1949,0.2692,,
444,ISRG,2018,0.4076,0.1426,0.5019,0.1915,0.1949,0.2692,
445,ISRG,2019,0.4286,0.1502,0.4076,0.5019,0.1915,0.1949,0.2692
446,ISRG,2020,0.484,0.4466,0.4286,0.4076,0.5019,0.1915,0.1949
447,ISRG,2021,0.227,0.4451,0.484,0.4286,0.4076,0.5019,0.1915
448,ISRG,2022,0.2054,0.2124,0.227,0.484,0.4286,0.4076,0.5019
449,ISRG,2023,0.3903,0.2906,0.2054,0.227,0.484,0.4286,0.4076
450,JNJ,2014,,,,,,,
451,JNJ,2015,0.486,0.3569,,,,,
452,JNJ,2016,0.3887,0.525,0.486,,,,
453,JNJ,2017,0.4759,0.4868,0.3887,0.486,,,
454,JNJ,2018,0.4139,0.4541,0.4759,0.3887,0.486,,
455,JNJ,2019,0.5124,0.5167,0.4139,0.4759,0.3887,0.486,
456,JNJ,2020,0.5089,0.3048,0.5124,0.4139,0.4759,0.3887,0.486
457,JNJ,2021,0.4391,0.309,0.5089,0.5124,0.4139,0.4759,0.3887
458,JNJ,2022,0.3225,0.5306,0.4391,0.5089,0.5124,0.4139,0.4759
459,JNJ,2023,0.4808,0.3252,0.3225,0.4391,0.5089,0.5124,0.4139
460,KKR,2014,0.3509,0.3389,,,,,
461,KKR,2015,0.5649,0.7503,0.3509,,,,
462,KKR,2016,0.2739,0.5938,0.5649,0.3509,,,
463,KKR,2017,0.3502,0.7798,0.2739,0.5649,0.3509,,
464,KKR,2018,0.3731,0.4633,0.3502,0.2739,0.5649,0.3509,
465,KKR,2019,0.6613,0.4175,0.3731,0.3502,0.2739,0.5649,0.3509
466,KKR,2020,0.5708,0.3818,0.6613,0.3731,0.3502,0.2739,0.5649
467,KKR,2021,0.5395,0.3826,0.5708,0.6613,0.3731,0.3502,0.2739
468,KKR,2022,0.5332,0.5333,0.5395,0.5708,0.6613,0.3731,0.3502
469,KKR,2023,0.6844,0.7277,0.5332,0.5395,0.5708,0.6613,0.3731
470,KO,2014,0.3877,0.3188,,,,,
471,KO,2015,0.4499,0.4928,0.3877,,,,
472,KO,2016,0.4959,0.4105,0.4499,0.3877,,,
473,KO,2017,0.5659,0.5076,0.4959,0.4499,0.3877,,
474,KO,2018,0.4804,0.3737,0.5659,0.4959,0.4499,0.3877,
475,KO,2019,0.297,0.3718,0.4804,0.5659,0.4959,0.4499,0.3877
476,KO,2020,0.4394,0.4402,0.297,0.4804,0.5659,0.4959,0.4499
477,KO,2021,0.4072,0.4489,0.4394,0.297,0.4804,0.5659,0.4959
478,KO,2022,0.4559,0.5868,0.4072,0.4394,0.297,0.4804,0.5659
479,KO,2023,0.3066,0.4188,0.4559,0.4072,0.4394,0.297,0.4804
480,LLY,2014,0.1996,0.1966,,,,,
481,LLY,2015,0.2715,0.3637,0.1996,,,,
482,LLY,2016,0.2746,0.4524,0.2715,0.1996,,,
483,LLY,2017,0.6976,0.6169,0.2746,0.2715,0.1996,,
484,LLY,2018,0.7792,0.1966,0.6976,0.2746,0.2715,0.1996,
485,LLY,2019,0.7305,0.234,0.7792,0.6976,0.2746,0.2715,0.1996
486,LLY,2020,0.7489,0.3918,0.7305,0.7792,0.6976,0.2746,0.2715
487,LLY,2021,0.6616,0.2655,0.7489,0.7305,0.7792,0.6976,0.2746
488,LLY,2022,0.2505,0.2948,0.6616,0.7489,0.7305,0.7792,0.6976
489,LLY,2023,0.6524,0.2525,0.2505,0.6616,0.7489,0.7305,0.7792
490,LMT,2014,0.5341,0.3539,,,,,
491,LMT,2015,0.5143,0.3837,0.5341,,,,
492,LMT,2016,0.3978,0.3654,0.5143,0.5341,,,
493,LMT,2017,0.448,0.3502,0.3978,0.5143,0.5341,,
494,LMT,2018,0.6607,0.3241,0.448,0.3978,0.5143,0.5341,
495,LMT,2019,0.6012,0.3913,0.6607,0.448,0.3978,0.5143,0.5341
496,LMT,2020,0.5244,0.3857,0.6012,0.6607,0.448,0.3978,0.5143
497,LMT,2021,0.5126,0.3944,0.5244,0.6012,0.6607,0.448,0.3978
498,LMT,2022,0.4676,0.5811,0.5126,0.5244,0.6012,0.6607,0.448
499,LMT,2023,0.4882,0.4117,0.4676,0.5126,0.5244,0.6012,0.6607
500,LOW,2014,0.3366,0.2967,,,,,
501,LOW,2015,0.3109,0.2556,0.3366,,,,
502,LOW,2016,0.3084,0.2123,0.3109,0.3366,,,
503,LOW,2017,0.3257,0.277,0.3084,0.3109,0.3366,,
504,LOW,2018,0.5034,0.2923,0.3257,0.3084,0.3109,0.3366,
505,LOW,2019,0.2772,0.6966,0.5034,0.3257,0.3084,0.3109,0.3366
506,LOW,2020,0.5563,0.3577,0.2772,0.5034,0.3257,0.3084,0.3109
507,LOW,2021,0.3312,0.2938,0.5563,0.2772,0.5034,0.3257,0.3084
508,LOW,2022,0.3337,0.2662,0.3312,0.5563,0.2772,0.5034,0.3257
509,LOW,2023,0.2885,0.318,0.3337,0.3312,0.5563,0.2772,0.5034
510,LRCX,2014,0.4107,0.1988,,,,,
511,LRCX,2015,0.4269,0.2305,0.4107,,,,
512,LRCX,2016,0.5098,0.332,0.4269,0.4107,,,
513,LRCX,2017,0.4881,0.4948,0.5098,0.4269,0.4107,,
514,LRCX,2018,0.3034,0.2277,0.4881,0.5098,0.4269,0.4107,
515,LRCX,2019,0.4296,0.2542,0.3034,0.4881,0.5098,0.4269,0.4107
516,LRCX,2020,0.2624,0.2654,0.4296,0.3034,0.4881,0.5098,0.4269
517,LRCX,2021,0.4438,0.4553,0.2624,0.4296,0.3034,0.4881,0.5098
518,LRCX,2022,0.3352,0.5131,0.4438,0.2624,0.4296,0.3034,0.4881
519,LRCX,2023,0.3225,0.5551,0.3352,0.4438,0.2624,0.4296,0.3034
520,MA,2014,0.4166,0.3652,,,,,
521,MA,2015,0.3836,0.321,0.4166,,,,
522,MA,2016,0.4522,0.3197,0.3836,0.4166,,,
523,MA,2017,0.3698,0.4065,0.4522,0.3836,0.4166,,
524,MA,2018,0.3695,0.5514,0.3698,0.4522,0.3836,0.4166,
525,MA,2019,0.5425,0.3536,0.3695,0.3698,0.4522,0.3836,0.4166
526,MA,2020,0.4312,0.3592,0.5425,0.3695,0.3698,0.4522,0.3836
527,MA,2021,0.3895,0.3771,0.4312,0.5425,0.3695,0.3698,0.4522
528,MA,2022,0.5565,0.3847,0.3895,0.4312,0.5425,0.3695,0.3698
529,MA,2023,0.5373,0.5071,0.5565,0.3895,0.4312,0.5425,0.3695
530,MCD,2014,0.3128,0.4848,,,,,
531,MCD,2015,0.3034,0.4195,0.3128,,,,
532,MCD,2016,0.344,0.3827,0.3034,0.3128,,,
533,MCD,2017,0.3361,0.3585,0.344,0.3034,0.3128,,
534,MCD,2018,0.3594,0.3171,0.3361,0.344,0.3034,0.3128,
535,MCD,2019,0.4837,0.6467,0.3594,0.3361,0.344,0.3034,0.3128
536,MCD,2020,0.6529,0.7457,0.4837,0.3594,0.3361,0.344,0.3034
537,MCD,2021,0.4889,0.4347,0.6529,0.4837,0.3594,0.3361,0.344
538,MCD,2022,0.5373,0.6707,0.4889,0.6529,0.4837,0.3594,0.3361
539,MCD,2023,0.4675,0.4297,0.5373,0.4889,0.6529,0.4837,0.3594
540,META,2014,0.3447,0.2757,,,,,
541,META,2015,0.3372,0.1788,0.3447,,,,
542,META,2016,0.3422,0.4216,0.3372,0.3447,,,
543,META,2017,0.2675,0.2111,0.3422,0.3372,0.3447,,
544,META,2018,0.5147,0.4031,0.2675,0.3422,0.3372,0.3447,
545,META,2019,0.4229,0.3117,0.5147,0.2675,0.3422,0.3372,0.3447
546,META,2020,0.341,0.3525,0.4229,0.5147,0.2675,0.3422,0.3372
547,META,2021,0.4041,0.2752,0.341,0.4229,0.5147,0.2675,0.3422
548,META,2022,0.3604,0.3186,0.4041,0.341,0.4229,0.5147,0.2675
549,META,2023,0.4145,0.3615,0.3604,0.4041,0.341,0.4229,0.5147
550,MMC,2014,0.8031,0.689,,,,,
551,MMC,2015,0.6485,0.6254,0.8031,,,,
552,MMC,2016,0.7128,0.6685,0.6485,0.8031,,,
553,MMC,2017,0.7199,0.6642,0.7128,0.6485,0.8031,,
554,MMC,2018,0.4546,0.6004,0.7199,0.7128,0.6485,0.8031,
555,MMC,2019,0.4834,0.6967,0.4546,0.7199,0.7128,0.6485,0.8031
556,MMC,2020,0.7259,0.4341,0.4834,0.4546,0.7199,0.7128,0.6485
557,MMC,2021,0.7294,0.7068,0.7259,0.4834,0.4546,0.7199,0.7128
558,MMC,2022,0.5095,0.5656,0.7294,0.7259,0.4834,0.4546,0.7199
559,MMC,2023,0.3631,0.6645,0.5095,0.7294,0.7259,0.4834,0.4546
560,MO,2014,0.2473,0.5217,,,,,
561,MO,2015,0.2779,0.1667,0.2473,,,,
562,MO,2016,0.5663,0.6917,0.2779,0.2473,,,
563,MO,2017,0.2891,0.4469,0.5663,0.2779,0.2473,,
564,MO,2018,0.1894,0.2405,0.2891,0.5663,0.2779,0.2473,
565,MO,2019,0.1481,0.2583,0.1894,0.2891,0.5663,0.2779,0.2473
566,MO,2020,0.2444,0.3017,0.1481,0.1894,0.2891,0.5663,0.2779
567,MO,2021,0.2987,0.335,0.2444,0.1481,0.1894,0.2891,0.5663
568,MO,2022,0.2058,0.3219,0.2987,0.2444,0.1481,0.1894,0.2891
569,MO,2023,0.5826,0.2496,0.2058,0.2987,0.2444,0.1481,0.1894
570,MRK,2014,0.3555,0.2356,,,,,
571,MRK,2015,0.4885,0.3066,0.3555,,,,
572,MRK,2016,0.4226,0.506,0.4885,0.3555,,,
573,MRK,2017,0.444,0.4234,0.4226,0.4885,0.3555,,
574,MRK,2018,0.3963,0.606,0.444,0.4226,0.4885,0.3555,
575,MRK,2019,0.3392,0.258,0.3963,0.444,0.4226,0.4885,0.3555
576,MRK,2020,0.3251,0.3256,0.3392,0.3963,0.444,0.4226,0.4885
577,MRK,2021,0.4304,0.2993,0.3251,0.3392,0.3963,0.444,0.4226
578,MRK,2022,0.2552,0.2528,0.4304,0.3251,0.3392,0.3963,0.444
579,MRK,2023,0.3274,0.3258,0.2552,0.4304,0.3251,0.3392,0.3963
580,MS,2014,0.4636,0.4954,,,,,
581,MS,2015,0.7853,0.3674,0.4636,,,,
582,MS,2016,0.8083,0.4983,0.7853,0.4636,,,
583,MS,2017,0.918,0.7602,0.8083,0.7853,0.4636,,
584,MS,2018,0.9398,0.3634,0.918,0.8083,0.7853,0.4636,
585,MS,2019,0.9036,0.5827,0.9398,0.918,0.8083,0.7853,0.4636
586,MS,2020,0.905,0.7187,0.9036,0.9398,0.918,0.8083,0.7853
587,MS,2021,0.5642,0.584,0.905,0.9036,0.9398,0.918,0.8083
588,MS,2022,0.6513,0.5844,0.5642,0.905,0.9036,0.9398,0.918
589,MS,2023,0.7092,0.6027,0.6513,0.5642,0.905,0.9036,0.9398
590,MSFT,2014,0.4829,0.5432,,,,,
591,MSFT,2015,0.637,0.5927,0.4829,,,,
592,MSFT,2016,0.5102,0.4261,0.637,0.4829,,,
593,MSFT,2017,0.4864,0.4919,0.5102,0.637,0.4829,,
594,MSFT,2018,0.4876,0.3609,0.4864,0.5102,0.637,0.4829,
595,MSFT,2019,0.4889,0.4457,0.4876,0.4864,0.5102,0.637,0.4829
596,MSFT,2020,0.492,0.4406,0.4889,0.4876,0.4864,0.5102,0.637
597,MSFT,2021,0.5116,0.4849,0.492,0.4889,0.4876,0.4864,0.5102
598,MSFT,2022,0.476,0.3903,0.5116,0.492,0.4889,0.4876,0.4864
599,MSFT,2023,0.5055,0.3404,0.476,0.5116,0.492,0.4889,0.4876
600,MU,2014,0.84,0.2946,,,,,
601,MU,2015,0.7432,0.2155,0.84,,,,
602,MU,2016,0.4704,0.2943,0.7432,0.84,,,
603,MU,2017,0.7413,0.3542,0.4704,0.7432,0.84,,
604,MU,2018,0.4154,0.145,0.7413,0.4704,0.7432,0.84,
605,MU,2019,0.2735,0.2256,0.4154,0.7413,0.4704,0.7432,0.84
606,MU,2020,0.6533,0.388,0.2735,0.4154,0.7413,0.4704,0.7432
607,MU,2021,0.2687,0.2002,0.6533,0.2735,0.4154,0.7413,0.4704
608,MU,2022,0.2067,0.2463,0.2687,0.6533,0.2735,0.4154,0.7413
609,MU,2023,0.2926,0.4517,0.2067,0.2687,0.6533,0.2735,0.4154
610,NEE,2014,0.3736,0.5832,,,,,
611,NEE,2015,0.6917,0.4845,0.3736,,,,
612,NEE,2016,0.7652,0.4326,0.6917,0.3736,,,
613,NEE,2017,0.53,0.6032,0.7652,0.6917,0.3736,,
614,NEE,2018,0.6801,0.5171,0.53,0.7652,0.6917,0.3736,
615,NEE,2019,0.3991,0.5432,0.6801,0.53,0.7652,0.6917,0.3736
616,NEE,2020,0.6649,0.5146,0.3991,0.6801,0.53,0.7652,0.6917
617,NEE,2021,0.7843,0.5593,0.6649,0.3991,0.6801,0.53,0.7652
618,NEE,2022,0.7749,0.3935,0.7843,0.6649,0.3991,0.6801,0.53
619,NEE,2023,0.5088,0.5043,0.7749,0.7843,0.6649,0.3991,0.6801
620,NFLX,2014,0.3646,0.1468,,,,,
621,NFLX,2015,0.3658,0.3103,0.3646,,,,
622,NFLX,2016,0.354,0.1737,0.3658,0.3646,,,
623,NFLX,2017,0.4373,0.3206,0.354,0.3658,0.3646,,
624,NFLX,2018,0.3398,0.3032,0.4373,0.354,0.3658,0.3646,
625,NFLX,2019,0.2737,0.5239,0.3398,0.4373,0.354,0.3658,0.3646
626,NFLX,2020,0.287,0.4702,0.2737,0.3398,0.4373,0.354,0.3658
627,NFLX,2021,0.3409,0.3241,0.287,0.2737,0.3398,0.4373,0.354
628,NFLX,2022,0.3402,0.3989,0.3409,0.287,0.2737,0.3398,0.4373
629,NFLX,2023,0.72,0.2212,0.3402,0.3409,0.287,0.2737,0.3398
630,NKE,2014,0.2359,0.454,,,,,
631,NKE,2015,0.484,0.5247,0.2359,,,,
632,NKE,2016,0.4603,0.5517,0.484,0.2359,,,
633,NKE,2017,0.4023,0.5027,0.4603,0.484,0.2359,,
634,NKE,2018,0.4801,0.4649,0.4023,0.4603,0.484,0.2359,
635,NKE,2019,0.3778,0.581,0.4801,0.4023,0.4603,0.484,0.2359
636,NKE,2020,0.398,0.5298,0.3778,0.4801,0.4023,0.4603,0.484
637,NKE,2021,0.5438,0.6235,0.398,0.3778,0.4801,0.4023,0.4603
638,NKE,2022,0.3192,0.5314,0.5438,0.398,0.3778,0.4801,0.4023
639,NKE,2023,0.3008,0.5043,0.3192,0.5438,0.398,0.3778,0.4801
640,NOW,2014,0.5275,0.3206,,,,,
641,NOW,2015,0.4917,0.3901,0.5275,,,,
642,NOW,2016,0.4593,0.2979,0.4917,0.5275,,,
643,NOW,2017,0.5223,0.3626,0.4593,0.4917,0.5275,,
644,NOW,2018,0.5363,0.4291,0.5223,0.4593,0.4917,0.5275,
645,NOW,2019,0.6528,0.6532,0.5363,0.5223,0.4593,0.4917,0.5275
646,NOW,2020,0.5269,0.4587,0.6528,0.5363,0.5223,0.4593,0.4917
647,NOW,2021,0.5209,0.3372,0.5269,0.6528,0.5363,0.5223,0.4593
648,NOW,2022,0.501,0.3767,0.5209,0.5269,0.6528,0.5363,0.5223
649,NOW,2023,0.4208,0.4261,0.501,0.5209,0.5269,0.6528,0.5363
650,NVDA,2014,0.285,0.2588,,,,,
651,NVDA,2015,0.2722,0.3701,0.285,,,,
652,NVDA,2016,0.2625,0.3095,0.2722,0.285,,,
653,NVDA,2017,0.3993,0.3718,0.2625,0.2722,0.285,,
654,NVDA,2018,0.3637,0.4319,0.3993,0.2625,0.2722,0.285,
655,NVDA,2019,0.3538,0.316,0.3637,0.3993,0.2625,0.2722,0.285
656,NVDA,2020,0.4262,0.3655,0.3538,0.3637,0.3993,0.2625,0.2722
657,NVDA,2021,0.3903,0.3152,0.4262,0.3538,0.3637,0.3993,0.2625
658,NVDA,2022,0.4042,0.4568,0.3903,0.4262,0.3538,0.3637,0.3993
659,NVDA,2023,0.4353,0.3437,0.4042,0.3903,0.4262,0.3538,0.3637
660,ORCL,2014,0.4563,0.2897,,,,,
661,ORCL,2015,0.4945,0.2497,0.4563,,,,
662,ORCL,2016,0.4903,0.2324,0.4945,0.4563,,,
663,ORCL,2017,0.4899,0.4966,0.4903,0.4945,0.4563,,
664,ORCL,2018,0.5291,0.3239,0.4899,0.4903,0.4945,0.4563,
665,ORCL,2019,0.5451,0.4135,0.5291,0.4899,0.4903,0.4945,0.4563
666,ORCL,2020,0.506,0.3755,0.5451,0.5291,0.4899,0.4903,0.4945
667,ORCL,2021,0.5773,0.4591,0.506,0.5451,0.5291,0.4899,0.4903
668,ORCL,2022,0.4935,0.3069,0.5773,0.506,0.5451,0.5291,0.4899
669,ORCL,2023,0.5953,0.2775,0.4935,0.5773,0.506,0.5451,0.5291
670,PANW,2014,0.4463,0.3578,,,,,
671,PANW,2015,0.4397,0.3227,0.4463,,,,
672,PANW,2016,0.4264,0.327,0.4397,0.4463,,,
673,PANW,2017,0.4769,0.3144,0.4264,0.4397,0.4463,,
674,PANW,2018,0.4248,0.2777,0.4769,0.4264,0.4397,0.4463,
675,PANW,2019,0.4518,0.3581,0.4248,0.4769,0.4264,0.4397,0.4463
676,PANW,2020,0.4956,0.3103,0.4518,0.4248,0.4769,0.4264,0.4397
677,PANW,2021,0.4584,0.3462,0.4956,0.4518,0.4248,0.4769,0.4264
678,PANW,2022,0.444,0.3049,0.4584,0.4956,0.4518,0.4248,0.4769
679,PANW,2023,0.4435,0.3013,0.444,0.4584,0.4956,0.4518,0.4248
680,PEP,2014,0.4934,0.5095,,,,,
681,PEP,2015,0.4357,0.5809,0.4934,,,,
682,PEP,2016,0.3829,0.5277,0.4357,0.4934,,,
683,PEP,2017,0.334,0.4403,0.3829,0.4357,0.4934,,
684,PEP,2018,0.4488,0.4088,0.334,0.3829,0.4357,0.4934,
685,PEP,2019,0.473,0.5162,0.4488,0.334,0.3829,0.4357,0.4934
686,PEP,2020,0.4348,0.3654,0.473,0.4488,0.334,0.3829,0.4357
687,PEP,2021,0.3526,0.4929,0.4348,0.473,0.4488,0.334,0.3829
688,PEP,2022,0.3163,0.4485,0.3526,0.4348,0.473,0.4488,0.334
689,PEP,2023,0.2549,0.5287,0.3163,0.3526,0.4348,0.473,0.4488
690,PFE,2014,,,,,,,
691,PFE,2015,,,,,,,
692,PFE,2016,,,,,,,
693,PFE,2017,,,,,,,
694,PFE,2018,,,,,,,
695,PFE,2019,,,,,,,
696,PFE,2020,0.3703,0.3216,,,,,
697,PFE,2021,0.3283,0.3108,0.3703,,,,
698,PFE,2022,0.4928,0.4048,0.3283,0.3703,,,
699,PFE,2023,0.3297,0.302,0.4928,0.3283,0.3703,,
700,PG,2014,0.5789,0.6978,,,,,
701,PG,2015,0.4025,0.5594,0.5789,,,,
702,PG,2016,0.3709,0.4142,0.4025,0.5789,,,
703,PG,2017,0.3867,0.5154,0.3709,0.4025,0.5789,,
704,PG,2018,0.707,0.3135,0.3867,0.3709,0.4025,0.5789,
705,PG,2019,0.6041,0.5535,0.707,0.3867,0.3709,0.4025,0.5789
706,PG,2020,0.5532,0.6312,0.6041,0.707,0.3867,0.3709,0.4025
707,PG,2021,0.6345,0.6084,0.5532,0.6041,0.707,0.3867,0.3709
708,PG,2022,0.5516,0.627,0.6345,0.5532,0.6041,0.707,0.3867
709,PG,2023,0.7267,0.6782,0.5516,0.6345,0.5532,0.6041,0.707
710,PLD,2014,0.3546,0.3345,,,,,
711,PLD,2015,0.3339,0.3166,0.3546,,,,
712,PLD,2016,0.3819,0.5169,0.3339,0.3546,,,
713,PLD,2017,0.4692,0.2893,0.3819,0.3339,0.3546,,
714,PLD,2018,0.5836,0.3057,0.4692,0.3819,0.3339,0.3546,
715,PLD,2019,0.5403,0.4258,0.5836,0.4692,0.3819,0.3339,0.3546
716,PLD,2020,0.3336,0.3651,0.5403,0.5836,0.4692,0.3819,0.3339
717,PLD,2021,0.7509,0.5344,0.3336,0.5403,0.5836,0.4692,0.3819
718,PLD,2022,0.306,0.2843,0.7509,0.3336,0.5403,0.5836,0.4692
719,PLD,2023,0.4328,0.321,0.306,0.7509,0.3336,0.5403,0.5836
720,PM,2014,0.4321,0.227,,,,,
721,PM,2015,0.2016,0.2185,0.4321,,,,
722,PM,2016,0.2207,0.278,0.2016,0.4321,,,
723,PM,2017,0.1902,0.2074,0.2207,0.2016,0.4321,,
724,PM,2018,0.6018,0.2574,0.1902,0.2207,0.2016,0.4321,
725,PM,2019,0.1454,0.2016,0.6018,0.1902,0.2207,0.2016,0.4321
726,PM,2020,0.1602,0.2139,0.1454,0.6018,0.1902,0.2207,0.2016
727,PM,2021,0.1447,0.1146,0.1602,0.1454,0.6018,0.1902,0.2207
728,PM,2022,0.1513,0.3502,0.1447,0.1602,0.1454,0.6018,0.1902
729,PM,2023,0.1588,0.0978,0.1513,0.1447,0.1602,0.1454,0.6018
730,QCOM,2014,0.4077,0.1298,,,,,
731,QCOM,2015,0.5647,0.2234,0.4077,,,,
732,QCOM,2016,0.4203,0.194,0.5647,0.4077,,,
733,QCOM,2017,0.2973,0.1531,0.4203,0.5647,0.4077,,
734,QCOM,2018,0.2337,0.1455,0.2973,0.4203,0.5647,0.4077,
735,QCOM,2019,0.2728,0.2998,0.2337,0.2973,0.4203,0.5647,0.4077
736,QCOM,2020,0.2659,0.1707,0.2728,0.2337,0.2973,0.4203,0.5647
737,QCOM,2021,0.2387,0.1806,0.2659,0.2728,0.2337,0.2973,0.4203
738,QCOM,2022,0.3304,0.2349,0.2387,0.2659,0.2728,0.2337,0.2973
739,QCOM,2023,0.3315,0.2543,0.3304,0.2387,0.2659,0.2728,0.2337
740,RTX,2014,,,,,,,
741,RTX,2015,,,,,,,
742,RTX,2016,,,,,,,
743,RTX,2017,,,,,,,
744,RTX,2018,,,,,,,
745,RTX,2019,,,,,,,
746,RTX,2020,0.3525,0.4452,,,,,
747,RTX,2021,0.39,0.438,0.3525,,,,
748,RTX,2022,0.6596,0.6325,0.39,0.3525,,,
749,RTX,2023,0.3905,0.5672,0.6596,0.39,0.3525,,
750,SBUX,2014,0.8471,0.3926,,,,,
751,SBUX,2015,0.4547,0.2838,0.8471,,,,
752,SBUX,2016,0.2793,0.4025,0.4547,0.8471,,,
753,SBUX,2017,0.246,0.3636,0.2793,0.4547,0.8471,,
754,SBUX,2018,0.2003,0.5602,0.246,0.2793,0.4547,0.8471,
755,SBUX,2019,0.4312,0.4761,0.2003,0.246,0.2793,0.4547,0.8471
756,SBUX,2020,0.2655,0.4389,0.4312,0.2003,0.246,0.2793,0.4547
757,SBUX,2021,0.3479,0.4586,0.2655,0.4312,0.2003,0.246,0.2793
758,SBUX,2022,0.5176,0.3917,0.3479,0.2655,0.4312,0.2003,0.246
759,SBUX,2023,0.6474,0.3684,0.5176,0.3479,0.2655,0.4312,0.2003
760,SCHW,2014,0.7055,0.5468,,,,,
761,SCHW,2015,0.6565,0.4663,0.7055,,,,
762,SCHW,2016,0.5922,0.5838,0.6565,0.7055,,,
763,SCHW,2017,0.4974,0.5105,0.5922,0.6565,0.7055,,
764,SCHW,2018,0.5315,0.6814,0.4974,0.5922,0.6565,0.7055,
765,SCHW,2019,0.5387,0.4724,0.5315,0.4974,0.5922,0.6565,0.7055
766,SCHW,2020,0.475,0.5294,0.5387,0.5315,0.4974,0.5922,0.6565
767,SCHW,2021,0.6827,0.4642,0.475,0.5387,0.5315,0.4974,0.5922
768,SCHW,2022,0.5244,0.4889,0.6827,0.475,0.5387,0.5315,0.4974
769,SCHW,2023,0.3844,0.4645,0.5244,0.6827,0.475,0.5387,0.5315
770,SHW,2014,,,,,,,
771,SHW,2015,,,,,,,
772,SHW,2016,,,,,,,
773,SHW,2017,,,,,,,
774,SHW,2018,,,,,,,
775,SHW,2019,0.2953,0.5034,,,,,
776,SHW,2020,0.2895,0.3956,0.2953,,,,
777,SHW,2021,0.3238,0.3988,0.2895,0.2953,,,
778,SHW,2022,0.5326,0.4201,0.3238,0.2895,0.2953,,
779,SHW,2023,0.5568,0.507,0.5326,0.3238,0.2895,0.2953,
780,SO,2014,,,,,,,
781,SO,2015,,,,,,,
782,SO,2016,,,,,,,
783,SO,2017,,,,,,,
784,SO,2018,0.4676,0.3406,,,,,
785,SO,2019,0.9073,0.7972,0.4676,,,,
786,SO,2020,0.9353,0.8062,0.9073,0.4676,,,
787,SO,2021,0.821,0.8158,0.9353,0.9073,0.4676,,
788,SO,2022,0.7832,0.7853,0.821,0.9353,0.9073,0.4676,
789,SO,2023,0.8758,0.832,0.7832,0.821,0.9353,0.9073,0.4676
790,SPGI,2014,0.5158,0.5051,,,,,
791,SPGI,2015,0.417,0.3221,0.5158,,,,
792,SPGI,2016,0.5047,0.338,0.417,0.5158,,,
793,SPGI,2017,0.515,0.4838,0.5047,0.417,0.5158,,
794,SPGI,2018,0.4934,0.4794,0.515,0.5047,0.417,0.5158,
795,SPGI,2019,0.4736,0.7435,0.4934,0.515,0.5047,0.417,0.5158
796,SPGI,2020,0.4742,0.4312,0.4736,0.4934,0.515,0.5047,0.417
797,SPGI,2021,0.442,0.452,0.4742,0.4736,0.4934,0.515,0.5047
798,SPGI,2022,0.4935,0.5215,0.442,0.4742,0.4736,0.4934,0.515
799,SPGI,2023,0.4457,0.4635,0.4935,0.442,0.4742,0.4736,0.4934
800,SYK,2014,0.3831,0.293,,,,,
801,SYK,2015,0.4637,0.4502,0.3831,,,,
802,SYK,2016,0.5298,0.3815,0.4637,0.3831,,,
803,SYK,2017,0.5499,0.2559,0.5298,0.4637,0.3831,,
804,SYK,2018,0.4456,0.318,0.5499,0.5298,0.4637,0.3831,
805,SYK,2019,0.5623,0.4326,0.4456,0.5499,0.5298,0.4637,0.3831
806,SYK,2020,0.4625,0.4021,0.5623,0.4456,0.5499,0.5298,0.4637
807,SYK,2021,0.4539,0.4616,0.4625,0.5623,0.4456,0.5499,0.5298
808,SYK,2022,0.5001,0.4066,0.4539,0.4625,0.5623,0.4456,0.5499
809,SYK,2023,0.4555,0.4317,0.5001,0.4539,0.4625,0.5623,0.4456
810,T,2014,,,,,,,
811,T,2015,,,,,,,
812,T,2016,,,,,,,
813,T,2017,,,,,,,
814,T,2018,,,,,,,
815,T,2019,0.4641,0.544,,,,,
816,T,2020,0.394,0.5156,0.4641,,,,
817,T,2021,0.5784,0.4995,0.394,0.4641,,,
818,T,2022,0.4839,0.6218,0.5784,0.394,0.4641,,
819,T,2023,0.4073,0.4878,0.4839,0.5784,0.394,0.4641,
820,TJX,2014,0.6147,0.41,,,,,
821,TJX,2015,0.6889,0.4144,0.6147,,,,
822,TJX,2016,0.3053,0.4083,0.6889,0.6147,,,
823,TJX,2017,0.4801,0.5352,0.3053,0.6889,0.6147,,
824,TJX,2018,0.299,0.3936,0.4801,0.3053,0.6889,0.6147,
825,TJX,2019,0.5615,0.4477,0.299,0.4801,0.3053,0.6889,0.6147
826,TJX,2020,0.2959,0.3761,0.5615,0.299,0.4801,0.3053,0.6889
827,TJX,2021,0.2918,0.3995,0.2959,0.5615,0.299,0.4801,0.3053
828,TJX,2022,0.4533,0.3966,0.2918,0.2959,0.5615,0.299,0.4801
829,TJX,2023,0.4199,0.2902,0.4533,0.2918,0.2959,0.5615,0.299
830,TMO,2014,0.3176,0.425,,,,,
831,TMO,2015,0.3806,0.4513,0.3176,,,,
832,TMO,2016,0.4908,0.4629,0.3806,0.3176,,,
833,TMO,2017,0.3503,0.4191,0.4908,0.3806,0.3176,,
834,TMO,2018,0.2725,0.3511,0.3503,0.4908,0.3806,0.3176,
835,TMO,2019,0.3369,0.2636,0.2725,0.3503,0.4908,0.3806,0.3176
836,TMO,2020,0.2894,0.3673,0.3369,0.2725,0.3503,0.4908,0.3806
837,TMO,2021,0.2756,0.3166,0.2894,0.3369,0.2725,0.3503,0.4908
838,TMO,2022,0.3397,0.2244,0.2756,0.2894,0.3369,0.2725,0.3503
839,TMO,2023,0.4798,0.4548,0.3397,0.2756,0.2894,0.3369,0.2725
840,TMUS,2014,0.3672,0.2091,,,,,
841,TMUS,2015,0.4288,0.1848,0.3672,,,,
842,TMUS,2016,0.358,0.4179,0.4288,0.3672,,,
843,TMUS,2017,0.2944,0.5149,0.358,0.4288,0.3672,,
844,TMUS,2018,0.3542,0.3057,0.2944,0.358,0.4288,0.3672,
845,TMUS,2019,0.3228,0.3363,0.3542,0.2944,0.358,0.4288,0.3672
846,TMUS,2020,0.2951,0.2832,0.3228,0.3542,0.2944,0.358,0.4288
847,TMUS,2021,0.3585,0.2612,0.2951,0.3228,0.3542,0.2944,0.358
848,TMUS,2022,0.3235,0.2356,0.3585,0.2951,0.3228,0.3542,0.2944
849,TMUS,2023,0.5274,0.5136,0.3235,0.3585,0.2951,0.3228,0.3542
850,TSLA,2014,0.1855,0.1503,,,,,
851,TSLA,2015,0.1834,0.329,0.1855,,,,
852,TSLA,2016,0.1543,0.1717,0.1834,0.1855,,,
853,TSLA,2017,0.2062,0.09,0.1543,0.1834,0.1855,,
854,TSLA,2018,0.176,0.2189,0.2062,0.1543,0.1834,0.1855,
855,TSLA,2019,0.1656,0.2112,0.176,0.2062,0.1543,0.1834,0.1855
856,TSLA,2020,0.1848,0.5097,0.1656,0.176,0.2062,0.1543,0.1834
857,TSLA,2021,0.2976,0.2416,0.1848,0.1656,0.176,0.2062,0.1543
858,TSLA,2022,0.2254,0.3008,0.2976,0.1848,0.1656,0.176,0.2062
859,TSLA,2023,0.2194,0.2741,0.2254,0.2976,0.1848,0.1656,0.176
860,TXN,2014,0.3491,0.3158,,,,,
861,TXN,2015,0.3495,0.2191,0.3491,,,,
862,TXN,2016,0.5237,0.4311,0.3495,0.3491,,,
863,TXN,2017,0.3285,0.2125,0.5237,0.3495,0.3491,,
864,TXN,2018,0.3155,0.2424,0.3285,0.5237,0.3495,0.3491,
865,TXN,2019,0.2908,0.2488,0.3155,0.3285,0.5237,0.3495,0.3491
866,TXN,2020,0.4014,0.3316,0.2908,0.3155,0.3285,0.5237,0.3495
867,TXN,2021,0.3632,0.2659,0.4014,0.2908,0.3155,0.3285,0.5237
868,TXN,2022,0.3277,0.2968,0.3632,0.4014,0.2908,0.3155,0.3285
869,TXN,2023,0.3404,0.1991,0.3277,0.3632,0.4014,0.2908,0.3155
870,UNH,2014,0.465,0.5399,,,,,
871,UNH,2015,0.4519,0.271,0.465,,,,
872,UNH,2016,0.5188,0.636,0.4519,0.465,,,
873,UNH,2017,0.3372,0.443,0.5188,0.4519,0.465,,
874,UNH,2018,0.3779,0.3351,0.3372,0.5188,0.4519,0.465,
875,UNH,2019,0.3337,0.4914,0.3779,0.3372,0.5188,0.4519,0.465
876,UNH,2020,0.3042,0.2565,0.3337,0.3779,0.3372,0.5188,0.4519
877,UNH,2021,0.3188,0.3435,0.3042,0.3337,0.3779,0.3372,0.5188
878,UNH,2022,0.3766,0.503,0.3188,0.3042,0.3337,0.3779,0.3372
879,UNH,2023,0.2628,0.4777,0.3766,0.3188,0.3042,0.3337,0.3779
880,UNP,2014,0.275,0.3489,,,,,
881,UNP,2015,0.2428,0.2777,0.275,,,,
882,UNP,2016,0.2406,0.3437,0.2428,0.275,,,
883,UNP,2017,0.245,0.3273,0.2406,0.2428,0.275,,
884,UNP,2018,0.2408,0.3101,0.245,0.2406,0.2428,0.275,
885,UNP,2019,0.5878,0.4599,0.2408,0.245,0.2406,0.2428,0.275
886,UNP,2020,0.4519,0.4446,0.5878,0.2408,0.245,0.2406,0.2428
887,UNP,2021,0.2803,0.377,0.4519,0.5878,0.2408,0.245,0.2406
888,UNP,2022,0.2346,0.3495,0.2803,0.4519,0.5878,0.2408,0.245
889,UNP,2023,0.2541,0.3727,0.2346,0.2803,0.4519,0.5878,0.2408
890,UPS,2014,0.357,0.3463,,,,,
891,UPS,2015,0.254,0.5754,0.357,,,,
892,UPS,2016,0.4684,0.4299,0.254,0.357,,,
893,UPS,2017,0.4419,0.4076,0.4684,0.254,0.357,,
894,UPS,2018,0.3982,0.3396,0.4419,0.4684,0.254,0.357,
895,UPS,2019,0.2903,0.3236,0.3982,0.4419,0.4684,0.254,0.357
896,UPS,2020,0.3228,0.4112,0.2903,0.3982,0.4419,0.4684,0.254
897,UPS,2021,0.3381,0.4299,0.3228,0.2903,0.3982,0.4419,0.4684
898,UPS,2022,0.3166,0.3587,0.3381,0.3228,0.2903,0.3982,0.4419
899,UPS,2023,0.4241,0.3875,0.3166,0.3381,0.3228,0.2903,0.3982
900,V,2014,0.4884,0.3462,,,,,
901,V,2015,0.5578,0.3538,0.4884,,,,
902,V,2016,0.5975,0.3318,0.5578,0.4884,,,
903,V,2017,0.4755,0.4196,0.5975,0.5578,0.4884,,
904,V,2018,0.4407,0.2812,0.4755,0.5975,0.5578,0.4884,
905,V,2019,0.4795,0.2695,0.4407,0.4755,0.5975,0.5578,0.4884
906,V,2020,0.4957,0.3257,0.4795,0.4407,0.4755,0.5975,0.5578
907,V,2021,0.3766,0.3337,0.4957,0.4795,0.4407,0.4755,0.5975
908,V,2022,0.5276,0.2989,0.3766,0.4957,0.4795,0.4407,0.4755
909,V,2023,0.4518,0.3698,0.5276,0.3766,0.4957,0.4795,0.4407
910,VRTX,2014,0.5326,0.1244,,,,,
911,VRTX,2015,0.4074,0.2307,0.5326,,,,
912,VRTX,2016,0.4856,0.2371,0.4074,0.5326,,,
913,VRTX,2017,0.2467,0.4347,0.4856,0.4074,0.5326,,
914,VRTX,2018,0.435,0.3111,0.2467,0.4856,0.4074,0.5326,
915,VRTX,2019,0.2044,0.0896,0.435,0.2467,0.4856,0.4074,0.5326
916,VRTX,2020,0.2904,0.2515,0.2044,0.435,0.2467,0.4856,0.4074
917,VRTX,2021,0.1714,0.1981,0.2904,0.2044,0.435,0.2467,0.4856
918,VRTX,2022,0.1498,0.1446,0.1714,0.2904,0.2044,0.435,0.2467
919,VRTX,2023,0.1631,0.1548,0.1498,0.1714,0.2904,0.2044,0.435
920,VZ,2014,,,,,,,
921,VZ,2015,,,,,,,
922,VZ,2016,,,,,,,
923,VZ,2017,,,,,,,
924,VZ,2018,,,,,,,
925,VZ,2019,,,,,,,
926,VZ,2020,0.5468,0.5418,,,,,
927,VZ,2021,0.4765,0.5108,0.5468,,,,
928,VZ,2022,0.3897,0.4937,0.4765,0.5468,,,
929,VZ,2023,0.4203,0.4902,0.3897,0.4765,0.5468,,
930,WMT,2014,,,,,,,
931,WMT,2015,,,,,,,
932,WMT,2016,,,,,,,
933,WMT,2017,0.3701,0.5575,,,,,
934,WMT,2018,0.3534,0.3301,0.3701,,,,
935,WMT,2019,0.3257,0.4456,0.3534,0.3701,,,
936,WMT,2020,0.5623,0.4041,0.3257,0.3534,0.3701,,
937,WMT,2021,0.3377,0.4131,0.5623,0.3257,0.3534,0.3701,
938,WMT,2022,0.2889,0.4127,0.3377,0.5623,0.3257,0.3534,0.3701
939,WMT,2023,0.3486,0.38,0.2889,0.3377,0.5623,0.3257,0.3534
