,ticker,year,IT_lag,OR,IT_lag1,IT_lag2,IT_lag3,IT_lag4,IT_lag5
0,AAPL,2014,0.4153,0.3417,,,,,
1,AAPL,2015,0.5459,0.3869,0.4153,,,,
2,AAPL,2016,0.4834,0.3802,0.5459,0.4153,,,
3,AAPL,2017,0.4929,0.3556,0.4834,0.5459,0.4153,,
4,AAPL,2018,0.399,0.3673,0.4929,0.4834,0.5459,0.4153,
5,AAPL,2019,0.6303,0.3927,0.399,0.4929,0.4834,0.5459,0.4153
6,AAPL,2020,0.6109,0.3897,0.6303,0.399,0.4929,0.4834,0.5459
7,AAPL,2021,0.3447,0.3978,0.6109,0.6303,0.399,0.4929,0.4834
8,AAPL,2022,0.5092,0.3544,0.3447,0.6109,0.6303,0.399,0.4929
9,AAPL,2023,0.6872,0.4162,0.5092,0.3447,0.6109,0.6303,0.399
10,ABBV,2014,0.1736,0.2888,,,,,
11,ABBV,2015,0.1672,0.1909,0.1736,,,,
12,ABBV,2016,0.3132,0.4632,0.1672,0.1736,,,
13,ABBV,2017,0.2752,0.5123,0.3132,0.1672,0.1736,,
14,ABBV,2018,0.2247,0.4291,0.2752,0.3132,0.1672,0.1736,
15,ABBV,2019,0.245,0.4552,0.2247,0.2752,0.3132,0.1672,0.1736
16,ABBV,2020,0.1674,0.354,0.245,0.2247,0.2752,0.3132,0.1672
17,ABBV,2021,0.1946,0.2622,0.1674,0.245,0.2247,0.2752,0.3132
18,ABBV,2022,0.1363,0.2824,0.1946,0.1674,0.245,0.2247,0.2752
19,ABBV,2023,0.1384,0.2351,0.1363,0.1946,0.1674,0.245,0.2247
20,ABT,2014,0.6192,0.354,,,,,
21,ABT,2015,0.4143,0.4323,0.6192,,,,
22,ABT,2016,0.3316,0.535,0.4143,0.6192,,,
23,ABT,2017,0.26,0.6123,0.3316,0.4143,0.6192,,
24,ABT,2018,0.517,0.4744,0.26,0.3316,0.4143,0.6192,
25,ABT,2019,0.3995,0.3757,0.517,0.26,0.3316,0.4143,0.6192
26,ABT,2020,0.4964,0.3713,0.3995,0.517,0.26,0.3316,0.4143
27,ABT,2021,0.4121,0.3504,0.4964,0.3995,0.517,0.26,0.3316
28,ABT,2022,0.5598,0.2482,0.4121,0.4964,0.3995,0.517,0.26
29,ABT,2023,0.5164,0.4313,0.5598,0.4121,0.4964,0.3995,0.517
30,ACN,2014,0.7712,0.4056,,,,,
31,ACN,2015,0.8563,0.3997,0.7712,,,,
32,ACN,2016,0.7807,0.4088,0.8563,0.7712,,,
33,ACN,2017,0.7704,0.3851,0.7807,0.8563,0.7712,,
34,ACN,2018,0.8018,0.759,0.7704,0.7807,0.8563,0.7712,
35,ACN,2019,0.8175,0.3718,0.8018,0.7704,0.7807,0.8563,0.7712
36,ACN,2020,0.7768,0.3869,0.8175,0.8018,0.7704,0.7807,0.8563
37,ACN,2021,0.7092,0.3675,0.7768,0.8175,0.8018,0.7704,0.7807
38,ACN,2022,0.6772,0.365,0.7092,0.7768,0.8175,0.8018,0.7704
39,ACN,2023,0.6974,0.8046,0.6772,0.7092,0.7768,0.8175,0.8018
40,ADBE,2014,0.5441,0.5858,,,,,
41,ADBE,2015,0.6176,0.3097,0.5441,,,,
42,ADBE,2016,0.4431,0.2679,0.6176,0.5441,,,
43,ADBE,2017,0.4559,0.2442,0.4431,0.6176,0.5441,,
44,ADBE,2018,0.5034,0.3105,0.4559,0.4431,0.6176,0.5441,
45,ADBE,2019,0.4222,0.2644,0.5034,0.4559,0.4431,0.6176,0.5441
46,ADBE,2020,0.5643,0.3966,0.4222,0.5034,0.4559,0.4431,0.6176
47,ADBE,2021,0.4177,0.4099,0.5643,0.4222,0.5034,0.4559,0.4431
48,ADBE,2022,0.6793,0.3914,0.4177,0.5643,0.4222,0.5034,0.4559
49,ADBE,2023,0.5044,0.5165,0.6793,0.4177,0.5643,0.4222,0.5034
50,ADI,2014,0.5677,0.4601,,,,,
51,ADI,2015,0.6266,0.5102,0.5677,,,,
52,ADI,2016,0.7239,0.4131,0.6266,0.5677,,,
53,ADI,2017,0.7306,0.309,0.7239,0.6266,0.5677,,
54,ADI,2018,0.5823,0.5693,0.7306,0.7239,0.6266,0.5677,
55,ADI,2019,0.5297,0.5325,0.5823,0.7306,0.7239,0.6266,0.5677
56,ADI,2020,0.2953,0.4027,0.5297,0.5823,0.7306,0.7239,0.6266
57,ADI,2021,0.3475,0.3864,0.2953,0.5297,0.5823,0.7306,0.7239
58,ADI,2022,0.4838,0.3096,0.3475,0.2953,0.5297,0.5823,0.7306
59,ADI,2023,0.3427,0.4387,0.4838,0.3475,0.2953,0.5297,0.5823
60,ADP,2014,0.5469,0.4209,,,,,
61,ADP,2015,0.539,0.3775,0.5469,,,,
62,ADP,2016,0.6292,0.5562,0.539,0.5469,,,
63,ADP,2017,0.4032,0.4752,0.6292,0.539,0.5469,,
64,ADP,2018,0.4824,0.4863,0.4032,0.6292,0.539,0.5469,
65,ADP,2019,0.4718,0.3133,0.4824,0.4032,0.6292,0.539,0.5469
66,ADP,2020,0.612,0.4392,0.4718,0.4824,0.4032,0.6292,0.539
67,ADP,2021,0.5687,0.4541,0.612,0.4718,0.4824,0.4032,0.6292
68,ADP,2022,0.4435,0.3966,0.5687,0.612,0.4718,0.4824,0.4032
69,ADP,2023,0.505,0.6339,0.4435,0.5687,0.612,0.4718,0.4824
70,AMAT,2014,0.2746,0.2827,,,,,
71,AMAT,2015,0.3953,0.2876,0.2746,,,,
72,AMAT,2016,0.2878,0.298,0.3953,0.2746,,,
73,AMAT,2017,0.2991,0.4453,0.2878,0.3953,0.2746,,
74,AMAT,2018,0.3174,0.5189,0.2991,0.2878,0.3953,0.2746,
75,AMAT,2019,0.4411,0.2666,0.3174,0.2991,0.2878,0.3953,0.2746
76,AMAT,2020,0.3813,0.4695,0.4411,0.3174,0.2991,0.2878,0.3953
77,AMAT,2021,0.3491,0.342,0.3813,0.4411,0.3174,0.2991,0.2878
78,AMAT,2022,0.3414,0.3729,0.3491,0.3813,0.4411,0.3174,0.2991
79,AMAT,2023,0.393,0.7237,0.3414,0.3491,0.3813,0.4411,0.3174
80,AMD,2014,0.4175,0.455,,,,,
81,AMD,2015,0.4128,0.5673,0.4175,,,,
82,AMD,2016,0.4,0.3556,0.4128,0.4175,,,
83,AMD,2017,0.4024,0.5378,0.4,0.4128,0.4175,,
84,AMD,2018,0.2668,0.3641,0.4024,0.4,0.4128,0.4175,
85,AMD,2019,0.3864,0.5375,0.2668,0.4024,0.4,0.4128,0.4175
86,AMD,2020,0.4438,0.4018,0.3864,0.2668,0.4024,0.4,0.4128
87,AMD,2021,0.2679,0.2888,0.4438,0.3864,0.2668,0.4024,0.4
88,AMD,2022,0.2181,0.3507,0.2679,0.4438,0.3864,0.2668,0.4024
89,AMD,2023,0.305,0.3516,0.2181,0.2679,0.4438,0.3864,0.2668
90,AMGN,2014,0.355,0.1898,,,,,
91,AMGN,2015,0.1511,0.1505,0.355,,,,
92,AMGN,2016,0.4624,0.1685,0.1511,0.355,,,
93,AMGN,2017,0.2578,0.4255,0.4624,0.1511,0.355,,
94,AMGN,2018,0.3626,0.3509,0.2578,0.4624,0.1511,0.355,
95,AMGN,2019,0.3432,0.3903,0.3626,0.2578,0.4624,0.1511,0.355
96,AMGN,2020,0.2684,0.2986,0.3432,0.3626,0.2578,0.4624,0.1511
97,AMGN,2021,0.2577,0.2849,0.2684,0.3432,0.3626,0.2578,0.4624
98,AMGN,2022,0.2635,0.2527,0.2577,0.2684,0.3432,0.3626,0.2578
99,AMGN,2023,0.2715,0.3224,0.2635,0.2577,0.2684,0.3432,0.3626
100,AMZN,2014,0.4375,0.3359,,,,,
101,AMZN,2015,0.4648,0.3584,0.4375,,,,
102,AMZN,2016,0.4724,0.1961,0.4648,0.4375,,,
103,AMZN,2017,0.4045,0.5395,0.4724,0.4648,0.4375,,
104,AMZN,2018,0.3965,0.3553,0.4045,0.4724,0.4648,0.4375,
105,AMZN,2019,0.456,0.4001,0.3965,0.4045,0.4724,0.4648,0.4375
106,AMZN,2020,0.4397,0.3948,0.456,0.3965,0.4045,0.4724,0.4648
107,AMZN,2021,0.471,0.4235,0.4397,0.456,0.3965,0.4045,0.4724
108,AMZN,2022,0.4132,0.5665,0.471,0.4397,0.456,0.3965,0.4045
109,AMZN,2023,0.438,0.3395,0.4132,0.471,0.4397,0.456,0.3965
110,ANET,2014,0.3534,0.2378,,,,,
111,ANET,2015,0.3829,0.2114,0.3534,,,,
112,ANET,2016,0.4177,0.2644,0.3829,0.3534,,,
113,ANET,2017,0.4542,0.2699,0.4177,0.3829,0.3534,,
114,ANET,2018,0.3845,0.2135,0.4542,0.4177,0.3829,0.3534,
115,ANET,2019,0.334,0.384,0.3845,0.4542,0.4177,0.3829,0.3534
116,ANET,2020,0.3306,0.4176,0.334,0.3845,0.4542,0.4177,0.3829
117,ANET,2021,0.3242,0.3834,0.3306,0.334,0.3845,0.4542,0.4177
118,ANET,2022,0.3154,0.3866,0.3242,0.3306,0.334,0.3845,0.4542
119,ANET,2023,0.3765,0.4375,0.3154,0.3242,0.3306,0.334,0.3845
120,BA,2014,0.3479,0.3732,,,,,
121,BA,2015,0.3584,0.3798,0.3479,,,,
122,BA,2016,0.3192,0.3775,0.3584,0.3479,,,
123,BA,2017,0.3645,0.4689,0.3192,0.3584,0.3479,,
124,BA,2018,0.3678,0.323,0.3645,0.3192,0.3584,0.3479,
125,BA,2019,0.3434,0.322,0.3678,0.3645,0.3192,0.3584,0.3479
126,BA,2020,0.3802,0.3982,0.3434,0.3678,0.3645,0.3192,0.3584
127,BA,2021,0.3619,0.3991,0.3802,0.3434,0.3678,0.3645,0.3192
128,BA,2022,0.3571,0.4064,0.3619,0.3802,0.3434,0.3678,0.3645
129,BA,2023,0.3636,0.4245,0.3571,0.3619,0.3802,0.3434,0.3678
130,BAC,2014,0.7756,0.5737,,,,,
131,BAC,2015,0.8101,0.721,0.7756,,,,
132,BAC,2016,0.8109,0.6007,0.8101,0.7756,,,
133,BAC,2017,0.7032,0.6338,0.8109,0.8101,0.7756,,
134,BAC,2018,0.8461,0.5295,0.7032,0.8109,0.8101,0.7756,
135,BAC,2019,0.8268,0.6205,0.8461,0.7032,0.8109,0.8101,0.7756
136,BAC,2020,0.7838,0.5137,0.8268,0.8461,0.7032,0.8109,0.8101
137,BAC,2021,0.7923,0.5587,0.7838,0.8268,0.8461,0.7032,0.8109
138,BAC,2022,0.8067,0.6774,0.7923,0.7838,0.8268,0.8461,0.7032
139,BAC,2023,0.7085,0.4722,0.8067,0.7923,0.7838,0.8268,0.8461
140,BKNG,2014,0.3438,0.3536,,,,,
141,BKNG,2015,0.4283,0.3645,0.3438,,,,
142,BKNG,2016,0.4268,0.3447,0.4283,0.3438,,,
143,BKNG,2017,0.4069,0.3361,0.4268,0.4283,0.3438,,
144,BKNG,2018,0.3654,0.3478,0.4069,0.4268,0.4283,0.3438,
145,BKNG,2019,0.294,0.3873,0.3654,0.4069,0.4268,0.4283,0.3438
146,BKNG,2020,0.2792,0.3605,0.294,0.3654,0.4069,0.4268,0.4283
147,BKNG,2021,0.3233,0.3441,0.2792,0.294,0.3654,0.4069,0.4268
148,BKNG,2022,0.3882,0.2834,0.3233,0.2792,0.294,0.3654,0.4069
149,BKNG,2023,0.4494,0.2961,0.3882,0.3233,0.2792,0.294,0.3654
150,BMY,2014,0.1917,0.3227,,,,,
151,BMY,2015,0.2187,0.3159,0.1917,,,,
152,BMY,2016,0.1991,0.4904,0.2187,0.1917,,,
153,BMY,2017,0.388,0.4167,0.1991,0.2187,0.1917,,
154,BMY,2018,0.6147,0.3748,0.388,0.1991,0.2187,0.1917,
155,BMY,2019,0.4929,0.4161,0.6147,0.388,0.1991,0.2187,0.1917
156,BMY,2020,0.5963,0.2747,0.4929,0.6147,0.388,0.1991,0.2187
157,BMY,2021,0.61,0.3194,0.5963,0.4929,0.6147,0.388,0.1991
158,BMY,2022,0.6071,0.5008,0.61,0.5963,0.4929,0.6147,0.388
159,BMY,2023,0.6957,0.4861,0.6071,0.61,0.5963,0.4929,0.6147
160,BRK-B,2014,0.2604,0.4011,,,,,
161,BRK-B,2015,0.2401,0.5692,0.2604,,,,
162,BRK-B,2016,0.2333,0.3818,0.2401,0.2604,,,
163,BRK-B,2017,0.2282,0.3313,0.2333,0.2401,0.2604,,
164,BRK-B,2018,0.2672,0.4167,0.2282,0.2333,0.2401,0.2604,
165,BRK-B,2019,0.2607,0.4428,0.2672,0.2282,0.2333,0.2401,0.2604
166,BRK-B,2020,0.3225,0.5348,0.2607,0.2672,0.2282,0.2333,0.2401
167,BRK-B,2021,0.4921,0.4403,0.3225,0.2607,0.2672,0.2282,0.2333
168,BRK-B,2022,0.2495,0.4534,0.4921,0.3225,0.2607,0.2672,0.2282
169,BRK-B,2023,0.268,0.399,0.2495,0.4921,0.3225,0.2607,0.2672
170,BSX,2014,0.4612,0.1158,,,,,
171,BSX,2015,0.3825,0.2336,0.4612,,,,
172,BSX,2016,0.6343,0.4033,0.3825,0.4612,,,
173,BSX,2017,0.5882,0.4927,0.6343,0.3825,0.4612,,
174,BSX,2018,0.2323,0.5744,0.5882,0.6343,0.3825,0.4612,
175,BSX,2019,0.4082,0.4718,0.2323,0.5882,0.6343,0.3825,0.4612
176,BSX,2020,0.4664,0.3963,0.4082,0.2323,0.5882,0.6343,0.3825
177,BSX,2021,0.4674,0.5468,0.4664,0.4082,0.2323,0.5882,0.6343
178,BSX,2022,0.6029,0.3947,0.4674,0.4664,0.4082,0.2323,0.5882
179,BSX,2023,0.2621,0.3221,0.6029,0.4674,0.4664,0.4082,0.2323
180,BX,2014,0.3264,0.6965,,,,,
181,BX,2015,0.6132,0.5999,0.3264,,,,
182,BX,2016,0.6351,0.6504,0.6132,0.3264,,,
183,BX,2017,0.6777,0.6143,0.6351,0.6132,0.3264,,
184,BX,2018,0.5998,0.5955,0.6777,0.6351,0.6132,0.3264,
185,BX,2019,0.5104,0.7803,0.5998,0.6777,0.6351,0.6132,0.3264
186,BX,2020,0.3564,0.4471,0.5104,0.5998,0.6777,0.6351,0.6132
187,BX,2021,0.6086,0.479,0.3564,0.5104,0.5998,0.6777,0.6351
188,BX,2022,0.569,0.6313,0.6086,0.3564,0.5104,0.5998,0.6777
189,BX,2023,0.6551,0.6467,0.569,0.6086,0.3564,0.5104,0.5998
190,CB,2014,0.8275,0.4703,,,,,
191,CB,2015,0.7452,0.4477,0.8275,,,,
192,CB,2016,0.7375,0.4259,0.7452,0.8275,,,
193,CB,2017,0.7972,0.4232,0.7375,0.7452,0.8275,,
194,CB,2018,0.881,0.7534,0.7972,0.7375,0.7452,0.8275,
195,CB,2019,0.7936,0.4375,0.881,0.7972,0.7375,0.7452,0.8275
196,CB,2020,0.8383,0.4341,0.7936,0.881,0.7972,0.7375,0.7452
197,CB,2021,0.7878,0.5001,0.8383,0.7936,0.881,0.7972,0.7375
198,CB,2022,0.8186,0.4511,0.7878,0.8383,0.7936,0.881,0.7972
199,CB,2023,0.8211,0.6704,0.8186,0.7878,0.8383,0.7936,0.881
200,CMCSA,2014,0.4026,0.3013,,,,,
201,CMCSA,2015,0.324,0.4919,0.4026,,,,
202,CMCSA,2016,0.4027,0.5143,0.324,0.4026,,,
203,CMCSA,2017,0.413,0.5588,0.4027,0.324,0.4026,,
204,CMCSA,2018,0.3895,0.7603,0.413,0.4027,0.324,0.4026,
205,CMCSA,2019,0.355,0.7121,0.3895,0.413,0.4027,0.324,0.4026
206,CMCSA,2020,0.5181,0.446,0.355,0.3895,0.413,0.4027,0.324
207,CMCSA,2021,0.8382,0.6191,0.5181,0.355,0.3895,0.413,0.4027
208,CMCSA,2022,0.8048,0.5229,0.8382,0.5181,0.355,0.3895,0.413
209,CMCSA,2023,0.7121,0.7291,0.8048,0.8382,0.5181,0.355,0.3895
210,COST,2014,0.3428,0.2895,,,,,
211,COST,2015,0.3124,0.3323,0.3428,,,,
212,COST,2016,0.3153,0.2745,0.3124,0.3428,,,
213,COST,2017,0.3819,0.3037,0.3153,0.3124,0.3428,,
214,COST,2018,0.3436,0.3186,0.3819,0.3153,0.3124,0.3428,
215,COST,2019,0.2745,0.366,0.3436,0.3819,0.3153,0.3124,0.3428
216,COST,2020,0.2575,0.3838,0.2745,0.3436,0.3819,0.3153,0.3124
217,COST,2021,0.3608,0.3546,0.2575,0.2745,0.3436,0.3819,0.3153
218,COST,2022,0.3032,0.3572,0.3608,0.2575,0.2745,0.3436,0.3819
219,COST,2023,0.317,0.5754,0.3032,0.3608,0.2575,0.2745,0.3436
220,CRM,2014,0.4963,0.3093,,,,,
221,CRM,2015,0.5113,0.3181,0.4963,,,,
222,CRM,2016,0.5084,0.3523,0.5113,0.4963,,,
223,CRM,2017,0.5295,0.3051,0.5084,0.5113,0.4963,,
224,CRM,2018,0.5651,0.396,0.5295,0.5084,0.5113,0.4963,
225,CRM,2019,0.4734,0.4079,0.5651,0.5295,0.5084,0.5113,0.4963
226,CRM,2020,0.4759,0.4349,0.4734,0.5651,0.5295,0.5084,0.5113
227,CRM,2021,0.4819,0.3482,0.4759,0.4734,0.5651,0.5295,0.5084
228,CRM,2022,0.5416,0.572,0.4819,0.4759,0.4734,0.5651,0.5295
229,CRM,2023,0.4939,0.572,0.5416,0.4819,0.4759,0.4734,0.5651
230,CSCO,2014,0.5703,0.3059,,,,,
231,CSCO,2015,0.517,0.3875,0.5703,,,,
232,CSCO,2016,0.6136,0.3213,0.517,0.5703,,,
233,CSCO,2017,0.4574,0.294,0.6136,0.517,0.5703,,
234,CSCO,2018,0.4902,0.7425,0.4574,0.6136,0.517,0.5703,
235,CSCO,2019,0.5378,0.3317,0.4902,0.4574,0.6136,0.517,0.5703
236,CSCO,2020,0.4796,0.5491,0.5378,0.4902,0.4574,0.6136,0.517
237,CSCO,2021,0.6162,0.5527,0.4796,0.5378,0.4902,0.4574,0.6136
238,CSCO,2022,0.5255,0.4278,0.6162,0.4796,0.5378,0.4902,0.4574
239,CSCO,2023,0.492,0.3889,0.5255,0.6162,0.4796,0.5378,0.4902
240,DHR,2014,0.4798,0.4253,,,,,
241,DHR,2015,0.3925,0.4983,0.4798,,,,
242,DHR,2016,0.4524,0.5039,0.3925,0.4798,,,
243,DHR,2017,0.3802,0.2908,0.4524,0.3925,0.4798,,
244,DHR,2018,0.3561,0.5839,0.3802,0.4524,0.3925,0.4798,
245,DHR,2019,0.4311,0.3703,0.3561,0.3802,0.4524,0.3925,0.4798
246,DHR,2020,0.3808,0.4527,0.4311,0.3561,0.3802,0.4524,0.3925
247,DHR,2021,0.3572,0.4442,0.3808,0.4311,0.3561,0.3802,0.4524
248,DHR,2022,0.3175,0.6841,0.3572,0.3808,0.4311,0.3561,0.3802
249,DHR,2023,0.3409,0.5524,0.3175,0.3572,0.3808,0.4311,0.3561
250,FI,2014,0.5404,0.3336,,,,,
251,FI,2015,0.5502,0.4179,0.5404,,,,
252,FI,2016,0.5257,0.4666,0.5502,0.5404,,,
253,FI,2017,0.4922,0.602,0.5257,0.5502,0.5404,,
254,FI,2018,0.5489,0.4047,0.4922,0.5257,0.5502,0.5404,
255,FI,2019,0.6198,0.396,0.5489,0.4922,0.5257,0.5502,0.5404
256,FI,2020,0.5142,0.3635,0.6198,0.5489,0.4922,0.5257,0.5502
257,FI,2021,0.5108,0.6237,0.5142,0.6198,0.5489,0.4922,0.5257
258,FI,2022,0.4631,0.5622,0.5108,0.5142,0.6198,0.5489,0.4922
259,FI,2023,0.556,0.3709,0.4631,0.5108,0.5142,0.6198,0.5489
260,GILD,2014,0.6069,0.507,,,,,
261,GILD,2015,0.5929,0.353,0.6069,,,,
262,GILD,2016,0.4121,0.4424,0.5929,0.6069,,,
263,GILD,2017,0.3899,0.3803,0.4121,0.5929,0.6069,,
264,GILD,2018,0.4409,0.4371,0.3899,0.4121,0.5929,0.6069,
265,GILD,2019,0.4008,0.5145,0.4409,0.3899,0.4121,0.5929,0.6069
266,GILD,2020,0.6983,0.2534,0.4008,0.4409,0.3899,0.4121,0.5929
267,GILD,2021,0.4767,0.5947,0.6983,0.4008,0.4409,0.3899,0.4121
268,GILD,2022,0.3551,0.5377,0.4767,0.6983,0.4008,0.4409,0.3899
269,GILD,2023,0.4358,0.5256,0.3551,0.4767,0.6983,0.4008,0.4409
270,GOOGL,2014,0.3417,0.2942,,,,,
271,GOOGL,2015,0.3668,0.3351,0.3417,,,,
272,GOOGL,2016,0.271,0.2659,0.3668,0.3417,,,
273,GOOGL,2017,0.3881,0.2999,0.271,0.3668,0.3417,,
274,GOOGL,2018,0.2748,0.2324,0.3881,0.271,0.3668,0.3417,
275,GOOGL,2019,0.2293,0.2553,0.2748,0.3881,0.271,0.3668,0.3417
276,GOOGL,2020,0.3861,0.4008,0.2293,0.2748,0.3881,0.271,0.3668
277,GOOGL,2021,0.3177,0.6685,0.3861,0.2293,0.2748,0.3881,0.271
278,GOOGL,2022,0.4347,0.3587,0.3177,0.3861,0.2293,0.2748,0.3881
279,GOOGL,2023,0.4634,0.3137,0.4347,0.3177,0.3861,0.2293,0.2748
280,GS,2014,0.4916,0.597,,,,,
281,GS,2015,0.8516,0.6618,0.4916,,,,
282,GS,2016,0.6125,0.5981,0.8516,0.4916,,,
283,GS,2017,0.5118,0.505,0.6125,0.8516,0.4916,,
284,GS,2018,0.8094,0.7498,0.5118,0.6125,0.8516,0.4916,
285,GS,2019,0.7589,0.7782,0.8094,0.5118,0.6125,0.8516,0.4916
286,GS,2020,0.5774,0.5595,0.7589,0.8094,0.5118,0.6125,0.8516
287,GS,2021,0.757,0.643,0.5774,0.7589,0.8094,0.5118,0.6125
288,GS,2022,0.8054,0.6259,0.757,0.5774,0.7589,0.8094,0.5118
289,GS,2023,0.6519,0.5807,0.8054,0.757,0.5774,0.7589,0.8094
290,HD,2014,0.3948,0.5961,,,,,
291,HD,2015,0.3361,0.4032,0.3948,,,,
292,HD,2016,0.3812,0.5219,0.3361,0.3948,,,
293,HD,2017,0.314,0.4999,0.3812,0.3361,0.3948,,
294,HD,2018,0.4276,0.326,0.314,0.3812,0.3361,0.3948,
295,HD,2019,0.3201,0.3848,0.4276,0.314,0.3812,0.3361,0.3948
296,HD,2020,0.3376,0.3816,0.3201,0.4276,0.314,0.3812,0.3361
297,HD,2021,0.3664,0.508,0.3376,0.3201,0.4276,0.314,0.3812
298,HD,2022,0.3289,0.5468,0.3664,0.3376,0.3201,0.4276,0.314
299,HD,2023,0.3863,0.347,0.3289,0.3664,0.3376,0.3201,0.4276
300,INTU,2014,0.5868,0.4831,,,,,
301,INTU,2015,0.521,0.3557,0.5868,,,,
302,INTU,2016,0.5523,0.3704,0.521,0.5868,,,
303,INTU,2017,0.5541,0.5159,0.5523,0.521,0.5868,,
304,INTU,2018,0.5111,0.6414,0.5541,0.5523,0.521,0.5868,
305,INTU,2019,0.4829,0.5168,0.5111,0.5541,0.5523,0.521,0.5868
306,INTU,2020,0.485,0.4421,0.4829,0.5111,0.5541,0.5523,0.521
307,INTU,2021,0.4441,0.5049,0.485,0.4829,0.5111,0.5541,0.5523
308,INTU,2022,0.5277,0.7006,0.4441,0.485,0.4829,0.5111,0.5541
309,INTU,2023,0.5442,0.4329,0.5277,0.4441,0.485,0.4829,0.5111
310,ISRG,2014,0.2692,0.392,,,,,
311,ISRG,2015,0.1949,0.1428,0.2692,,,,
312,ISRG,2016,0.1915,0.1006,0.1949,0.2692,,,
313,ISRG,2017,0.5019,0.1169,0.1915,0.1949,0.2692,,
314,ISRG,2018,0.4076,0.1426,0.5019,0.1915,0.1949,0.2692,
315,ISRG,2019,0.4286,0.1502,0.4076,0.5019,0.1915,0.1949,0.2692
316,ISRG,2020,0.484,0.4466,0.4286,0.4076,0.5019,0.1915,0.1949
317,ISRG,2021,0.227,0.4451,0.484,0.4286,0.4076,0.5019,0.1915
318,ISRG,2022,0.2054,0.2124,0.227,0.484,0.4286,0.4076,0.5019
319,ISRG,2023,0.3903,0.2906,0.2054,0.227,0.484,0.4286,0.4076
320,KKR,2014,0.3509,0.3389,,,,,
321,KKR,2015,0.5649,0.7503,0.3509,,,,
322,KKR,2016,0.2739,0.5938,0.5649,0.3509,,,
323,KKR,2017,0.3502,0.7798,0.2739,0.5649,0.3509,,
324,KKR,2018,0.3731,0.4633,0.3502,0.2739,0.5649,0.3509,
325,KKR,2019,0.6613,0.4175,0.3731,0.3502,0.2739,0.5649,0.3509
326,KKR,2020,0.5708,0.3818,0.6613,0.3731,0.3502,0.2739,0.5649
327,KKR,2021,0.5395,0.3826,0.5708,0.6613,0.3731,0.3502,0.2739
328,KKR,2022,0.5332,0.5333,0.5395,0.5708,0.6613,0.3731,0.3502
329,KKR,2023,0.6844,0.7277,0.5332,0.5395,0.5708,0.6613,0.3731
330,KO,2014,0.3877,0.3188,,,,,
331,KO,2015,0.4499,0.4928,0.3877,,,,
332,KO,2016,0.4959,0.4105,0.4499,0.3877,,,
333,KO,2017,0.5659,0.5076,0.4959,0.4499,0.3877,,
334,KO,2018,0.4804,0.3737,0.5659,0.4959,0.4499,0.3877,
335,KO,2019,0.297,0.3718,0.4804,0.5659,0.4959,0.4499,0.3877
336,KO,2020,0.4394,0.4402,0.297,0.4804,0.5659,0.4959,0.4499
337,KO,2021,0.4072,0.4489,0.4394,0.297,0.4804,0.5659,0.4959
338,KO,2022,0.4559,0.5868,0.4072,0.4394,0.297,0.4804,0.5659
339,KO,2023,0.3066,0.4188,0.4559,0.4072,0.4394,0.297,0.4804
340,LLY,2014,0.1996,0.1966,,,,,
341,LLY,2015,0.2715,0.3637,0.1996,,,,
342,LLY,2016,0.2746,0.4524,0.2715,0.1996,,,
343,LLY,2017,0.6976,0.6169,0.2746,0.2715,0.1996,,
344,LLY,2018,0.7792,0.1966,0.6976,0.2746,0.2715,0.1996,
345,LLY,2019,0.7305,0.234,0.7792,0.6976,0.2746,0.2715,0.1996
346,LLY,2020,0.7489,0.3918,0.7305,0.7792,0.6976,0.2746,0.2715
347,LLY,2021,0.6616,0.2655,0.7489,0.7305,0.7792,0.6976,0.2746
348,LLY,2022,0.2505,0.2948,0.6616,0.7489,0.7305,0.7792,0.6976
349,LLY,2023,0.6524,0.2525,0.2505,0.6616,0.7489,0.7305,0.7792
350,LMT,2014,0.5341,0.3539,,,,,
351,LMT,2015,0.5143,0.3837,0.5341,,,,
352,LMT,2016,0.3978,0.3654,0.5143,0.5341,,,
353,LMT,2017,0.448,0.3502,0.3978,0.5143,0.5341,,
354,LMT,2018,0.6607,0.3241,0.448,0.3978,0.5143,0.5341,
355,LMT,2019,0.6012,0.3913,0.6607,0.448,0.3978,0.5143,0.5341
356,LMT,2020,0.5244,0.3857,0.6012,0.6607,0.448,0.3978,0.5143
357,LMT,2021,0.5126,0.3944,0.5244,0.6012,0.6607,0.448,0.3978
358,LMT,2022,0.4676,0.5811,0.5126,0.5244,0.6012,0.6607,0.448
359,LMT,2023,0.4882,0.4117,0.4676,0.5126,0.5244,0.6012,0.6607
360,LOW,2014,0.3366,0.2967,,,,,
361,LOW,2015,0.3109,0.2556,0.3366,,,,
362,LOW,2016,0.3084,0.2123,0.3109,0.3366,,,
363,LOW,2017,0.3257,0.277,0.3084,0.3109,0.3366,,
364,LOW,2018,0.5034,0.2923,0.3257,0.3084,0.3109,0.3366,
365,LOW,2019,0.2772,0.6966,0.5034,0.3257,0.3084,0.3109,0.3366
366,LOW,2020,0.5563,0.3577,0.2772,0.5034,0.3257,0.3084,0.3109
367,LOW,2021,0.3312,0.2938,0.5563,0.2772,0.5034,0.3257,0.3084
368,LOW,2022,0.3337,0.2662,0.3312,0.5563,0.2772,0.5034,0.3257
369,LOW,2023,0.2885,0.318,0.3337,0.3312,0.5563,0.2772,0.5034
370,LRCX,2014,0.6016,0.2897,,,,,
371,LRCX,2015,0.5049,0.3151,0.6016,,,,
372,LRCX,2016,0.6635,0.3199,0.5049,0.6016,,,
373,LRCX,2017,0.5983,0.3277,0.6635,0.5049,0.6016,,
374,LRCX,2018,0.5506,0.6132,0.5983,0.6635,0.5049,0.6016,
375,LRCX,2019,0.4933,0.3596,0.5506,0.5983,0.6635,0.5049,0.6016
376,LRCX,2020,0.6627,0.4274,0.4933,0.5506,0.5983,0.6635,0.5049
377,LRCX,2021,0.5173,0.378,0.6627,0.4933,0.5506,0.5983,0.6635
378,LRCX,2022,0.5849,0.3301,0.5173,0.6627,0.4933,0.5506,0.5983
379,LRCX,2023,0.5689,0.6649,0.5849,0.5173,0.6627,0.4933,0.5506
380,MA,2014,0.4166,0.3652,,,,,
381,MA,2015,0.3836,0.321,0.4166,,,,
382,MA,2016,0.4522,0.3197,0.3836,0.4166,,,
383,MA,2017,0.3698,0.4065,0.4522,0.3836,0.4166,,
384,MA,2018,0.3695,0.5514,0.3698,0.4522,0.3836,0.4166,
385,MA,2019,0.5425,0.3536,0.3695,0.3698,0.4522,0.3836,0.4166
386,MA,2020,0.4312,0.3592,0.5425,0.3695,0.3698,0.4522,0.3836
387,MA,2021,0.3895,0.3771,0.4312,0.5425,0.3695,0.3698,0.4522
388,MA,2022,0.5565,0.3847,0.3895,0.4312,0.5425,0.3695,0.3698
389,MA,2023,0.5373,0.5071,0.5565,0.3895,0.4312,0.5425,0.3695
390,META,2014,0.3447,0.2757,,,,,
391,META,2015,0.3372,0.1788,0.3447,,,,
392,META,2016,0.3422,0.4216,0.3372,0.3447,,,
393,META,2017,0.2675,0.2111,0.3422,0.3372,0.3447,,
394,META,2018,0.5147,0.4031,0.2675,0.3422,0.3372,0.3447,
395,META,2019,0.4229,0.3117,0.5147,0.2675,0.3422,0.3372,0.3447
396,META,2020,0.341,0.3525,0.4229,0.5147,0.2675,0.3422,0.3372
397,META,2021,0.4041,0.2752,0.341,0.4229,0.5147,0.2675,0.3422
398,META,2022,0.3604,0.3186,0.4041,0.341,0.4229,0.5147,0.2675
399,META,2023,0.4145,0.3615,0.3604,0.4041,0.341,0.4229,0.5147
400,MMC,2014,0.8031,0.689,,,,,
401,MMC,2015,0.6485,0.6254,0.8031,,,,
402,MMC,2016,0.7128,0.6685,0.6485,0.8031,,,
403,MMC,2017,0.7199,0.6642,0.7128,0.6485,0.8031,,
404,MMC,2018,0.4546,0.6004,0.7199,0.7128,0.6485,0.8031,
405,MMC,2019,0.4834,0.6967,0.4546,0.7199,0.7128,0.6485,0.8031
406,MMC,2020,0.7259,0.4341,0.4834,0.4546,0.7199,0.7128,0.6485
407,MMC,2021,0.7294,0.7068,0.7259,0.4834,0.4546,0.7199,0.7128
408,MMC,2022,0.5095,0.5656,0.7294,0.7259,0.4834,0.4546,0.7199
409,MMC,2023,0.3631,0.6645,0.5095,0.7294,0.7259,0.4834,0.4546
410,MRK,2014,0.3555,0.2356,,,,,
411,MRK,2015,0.4885,0.3066,0.3555,,,,
412,MRK,2016,0.4226,0.506,0.4885,0.3555,,,
413,MRK,2017,0.444,0.4234,0.4226,0.4885,0.3555,,
414,MRK,2018,0.3963,0.606,0.444,0.4226,0.4885,0.3555,
415,MRK,2019,0.3392,0.258,0.3963,0.444,0.4226,0.4885,0.3555
416,MRK,2020,0.3251,0.3256,0.3392,0.3963,0.444,0.4226,0.4885
417,MRK,2021,0.4304,0.2993,0.3251,0.3392,0.3963,0.444,0.4226
418,MRK,2022,0.2552,0.2528,0.4304,0.3251,0.3392,0.3963,0.444
419,MRK,2023,0.3274,0.3258,0.2552,0.4304,0.3251,0.3392,0.3963
420,MSFT,2014,0.4829,0.5432,,,,,
421,MSFT,2015,0.637,0.5927,0.4829,,,,
422,MSFT,2016,0.5102,0.4261,0.637,0.4829,,,
423,MSFT,2017,0.4864,0.4919,0.5102,0.637,0.4829,,
424,MSFT,2018,0.4876,0.3609,0.4864,0.5102,0.637,0.4829,
425,MSFT,2019,0.4889,0.4457,0.4876,0.4864,0.5102,0.637,0.4829
426,MSFT,2020,0.492,0.4406,0.4889,0.4876,0.4864,0.5102,0.637
427,MSFT,2021,0.5116,0.4849,0.492,0.4889,0.4876,0.4864,0.5102
428,MSFT,2022,0.476,0.3903,0.5116,0.492,0.4889,0.4876,0.4864
429,MSFT,2023,0.5055,0.3404,0.476,0.5116,0.492,0.4889,0.4876
430,MU,2014,0.84,0.2946,,,,,
431,MU,2015,0.7432,0.2155,0.84,,,,
432,MU,2016,0.4704,0.2943,0.7432,0.84,,,
433,MU,2017,0.7413,0.3542,0.4704,0.7432,0.84,,
434,MU,2018,0.4154,0.145,0.7413,0.4704,0.7432,0.84,
435,MU,2019,0.2735,0.2256,0.4154,0.7413,0.4704,0.7432,0.84
436,MU,2020,0.6533,0.388,0.2735,0.4154,0.7413,0.4704,0.7432
437,MU,2021,0.2687,0.2002,0.6533,0.2735,0.4154,0.7413,0.4704
438,MU,2022,0.2067,0.2463,0.2687,0.6533,0.2735,0.4154,0.7413
439,MU,2023,0.2926,0.4517,0.2067,0.2687,0.6533,0.2735,0.4154
440,NEE,2014,0.3736,0.5832,,,,,
441,NEE,2015,0.6917,0.4845,0.3736,,,,
442,NEE,2016,0.7652,0.4326,0.6917,0.3736,,,
443,NEE,2017,0.53,0.6032,0.7652,0.6917,0.3736,,
444,NEE,2018,0.6801,0.5171,0.53,0.7652,0.6917,0.3736,
445,NEE,2019,0.3991,0.5432,0.6801,0.53,0.7652,0.6917,0.3736
446,NEE,2020,0.6649,0.5146,0.3991,0.6801,0.53,0.7652,0.6917
447,NEE,2021,0.7843,0.5593,0.6649,0.3991,0.6801,0.53,0.7652
448,NEE,2022,0.7749,0.3935,0.7843,0.6649,0.3991,0.6801,0.53
449,NEE,2023,0.5088,0.5043,0.7749,0.7843,0.6649,0.3991,0.6801
450,NFLX,2014,0.3646,0.1468,,,,,
451,NFLX,2015,0.3658,0.3103,0.3646,,,,
452,NFLX,2016,0.354,0.1737,0.3658,0.3646,,,
453,NFLX,2017,0.4373,0.3206,0.354,0.3658,0.3646,,
454,NFLX,2018,0.3398,0.3032,0.4373,0.354,0.3658,0.3646,
455,NFLX,2019,0.2737,0.5239,0.3398,0.4373,0.354,0.3658,0.3646
456,NFLX,2020,0.287,0.4702,0.2737,0.3398,0.4373,0.354,0.3658
457,NFLX,2021,0.3409,0.3241,0.287,0.2737,0.3398,0.4373,0.354
458,NFLX,2022,0.3402,0.3989,0.3409,0.287,0.2737,0.3398,0.4373
459,NFLX,2023,0.72,0.2212,0.3402,0.3409,0.287,0.2737,0.3398
460,NKE,2014,0.2359,0.454,,,,,
461,NKE,2015,0.484,0.5247,0.2359,,,,
462,NKE,2016,0.4603,0.5517,0.484,0.2359,,,
463,NKE,2017,0.4023,0.5027,0.4603,0.484,0.2359,,
464,NKE,2018,0.4801,0.4649,0.4023,0.4603,0.484,0.2359,
465,NKE,2019,0.3778,0.581,0.4801,0.4023,0.4603,0.484,0.2359
466,NKE,2020,0.398,0.5298,0.3778,0.4801,0.4023,0.4603,0.484
467,NKE,2021,0.5438,0.6235,0.398,0.3778,0.4801,0.4023,0.4603
468,NKE,2022,0.3192,0.5314,0.5438,0.398,0.3778,0.4801,0.4023
469,NKE,2023,0.3008,0.5043,0.3192,0.5438,0.398,0.3778,0.4801
470,NOW,2014,0.5275,0.3206,,,,,
471,NOW,2015,0.4917,0.3901,0.5275,,,,
472,NOW,2016,0.4593,0.2979,0.4917,0.5275,,,
473,NOW,2017,0.5223,0.3626,0.4593,0.4917,0.5275,,
474,NOW,2018,0.5363,0.4291,0.5223,0.4593,0.4917,0.5275,
475,NOW,2019,0.6528,0.6532,0.5363,0.5223,0.4593,0.4917,0.5275
476,NOW,2020,0.5269,0.4587,0.6528,0.5363,0.5223,0.4593,0.4917
477,NOW,2021,0.5209,0.3372,0.5269,0.6528,0.5363,0.5223,0.4593
478,NOW,2022,0.501,0.3767,0.5209,0.5269,0.6528,0.5363,0.5223
479,NOW,2023,0.4208,0.4261,0.501,0.5209,0.5269,0.6528,0.5363
480,NVDA,2014,0.285,0.2588,,,,,
481,NVDA,2015,0.2722,0.3701,0.285,,,,
482,NVDA,2016,0.2625,0.3095,0.2722,0.285,,,
483,NVDA,2017,0.3993,0.3718,0.2625,0.2722,0.285,,
484,NVDA,2018,0.3637,0.4319,0.3993,0.2625,0.2722,0.285,
485,NVDA,2019,0.3538,0.316,0.3637,0.3993,0.2625,0.2722,0.285
486,NVDA,2020,0.4262,0.3655,0.3538,0.3637,0.3993,0.2625,0.2722
487,NVDA,2021,0.3903,0.3152,0.4262,0.3538,0.3637,0.3993,0.2625
488,NVDA,2022,0.4042,0.4568,0.3903,0.4262,0.3538,0.3637,0.3993
489,NVDA,2023,0.4353,0.3437,0.4042,0.3903,0.4262,0.3538,0.3637
490,ORCL,2014,0.4563,0.2897,,,,,
491,ORCL,2015,0.4945,0.2497,0.4563,,,,
492,ORCL,2016,0.4903,0.2324,0.4945,0.4563,,,
493,ORCL,2017,0.4899,0.4966,0.4903,0.4945,0.4563,,
494,ORCL,2018,0.5291,0.3239,0.4899,0.4903,0.4945,0.4563,
495,ORCL,2019,0.5451,0.4135,0.5291,0.4899,0.4903,0.4945,0.4563
496,ORCL,2020,0.506,0.3755,0.5451,0.5291,0.4899,0.4903,0.4945
497,ORCL,2021,0.5773,0.4591,0.506,0.5451,0.5291,0.4899,0.4903
498,ORCL,2022,0.4935,0.3069,0.5773,0.506,0.5451,0.5291,0.4899
499,ORCL,2023,0.5953,0.2775,0.4935,0.5773,0.506,0.5451,0.5291
500,PANW,2014,0.4463,0.3578,,,,,
501,PANW,2015,0.4397,0.3227,0.4463,,,,
502,PANW,2016,0.4264,0.327,0.4397,0.4463,,,
503,PANW,2017,0.4769,0.3144,0.4264,0.4397,0.4463,,
504,PANW,2018,0.4248,0.2777,0.4769,0.4264,0.4397,0.4463,
505,PANW,2019,0.4518,0.3581,0.4248,0.4769,0.4264,0.4397,0.4463
506,PANW,2020,0.4956,0.3103,0.4518,0.4248,0.4769,0.4264,0.4397
507,PANW,2021,0.4584,0.3462,0.4956,0.4518,0.4248,0.4769,0.4264
508,PANW,2022,0.444,0.3049,0.4584,0.4956,0.4518,0.4248,0.4769
509,PANW,2023,0.4435,0.3013,0.444,0.4584,0.4956,0.4518,0.4248
510,PEP,2014,0.4934,0.5095,,,,,
511,PEP,2015,0.4357,0.5809,0.4934,,,,
512,PEP,2016,0.3829,0.5277,0.4357,0.4934,,,
513,PEP,2017,0.334,0.4403,0.3829,0.4357,0.4934,,
514,PEP,2018,0.4488,0.4088,0.334,0.3829,0.4357,0.4934,
515,PEP,2019,0.473,0.5162,0.4488,0.334,0.3829,0.4357,0.4934
516,PEP,2020,0.4348,0.3654,0.473,0.4488,0.334,0.3829,0.4357
517,PEP,2021,0.3526,0.4929,0.4348,0.473,0.4488,0.334,0.3829
518,PEP,2022,0.3163,0.4485,0.3526,0.4348,0.473,0.4488,0.334
519,PEP,2023,0.2549,0.5287,0.3163,0.3526,0.4348,0.473,0.4488
520,PG,2014,0.5789,0.6978,,,,,
521,PG,2015,0.4025,0.5594,0.5789,,,,
522,PG,2016,0.3709,0.4142,0.4025,0.5789,,,
523,PG,2017,0.3867,0.5154,0.3709,0.4025,0.5789,,
524,PG,2018,0.707,0.3135,0.3867,0.3709,0.4025,0.5789,
525,PG,2019,0.6041,0.5535,0.707,0.3867,0.3709,0.4025,0.5789
526,PG,2020,0.5532,0.6312,0.6041,0.707,0.3867,0.3709,0.4025
527,PG,2021,0.6345,0.6084,0.5532,0.6041,0.707,0.3867,0.3709
528,PG,2022,0.5516,0.627,0.6345,0.5532,0.6041,0.707,0.3867
529,PG,2023,0.7267,0.6782,0.5516,0.6345,0.5532,0.6041,0.707
530,PLD,2014,0.3546,0.3345,,,,,
531,PLD,2015,0.3339,0.3166,0.3546,,,,
532,PLD,2016,0.3819,0.5169,0.3339,0.3546,,,
533,PLD,2017,0.4692,0.2893,0.3819,0.3339,0.3546,,
534,PLD,2018,0.5836,0.3057,0.4692,0.3819,0.3339,0.3546,
535,PLD,2019,0.5403,0.4258,0.5836,0.4692,0.3819,0.3339,0.3546
536,PLD,2020,0.3336,0.3651,0.5403,0.5836,0.4692,0.3819,0.3339
537,PLD,2021,0.7509,0.5344,0.3336,0.5403,0.5836,0.4692,0.3819
538,PLD,2022,0.306,0.2843,0.7509,0.3336,0.5403,0.5836,0.4692
539,PLD,2023,0.4328,0.321,0.306,0.7509,0.3336,0.5403,0.5836
540,PM,2014,0.4321,0.227,,,,,
541,PM,2015,0.2016,0.2185,0.4321,,,,
542,PM,2016,0.2207,0.278,0.2016,0.4321,,,
543,PM,2017,0.1902,0.2074,0.2207,0.2016,0.4321,,
544,PM,2018,0.6018,0.2574,0.1902,0.2207,0.2016,0.4321,
545,PM,2019,0.1454,0.2016,0.6018,0.1902,0.2207,0.2016,0.4321
546,PM,2020,0.1602,0.2139,0.1454,0.6018,0.1902,0.2207,0.2016
547,PM,2021,0.1447,0.1146,0.1602,0.1454,0.6018,0.1902,0.2207
548,PM,2022,0.1513,0.3502,0.1447,0.1602,0.1454,0.6018,0.1902
549,PM,2023,0.1588,0.0978,0.1513,0.1447,0.1602,0.1454,0.6018
550,QCOM,2014,0.4077,0.1298,,,,,
551,QCOM,2015,0.5647,0.2234,0.4077,,,,
552,QCOM,2016,0.4203,0.194,0.5647,0.4077,,,
553,QCOM,2017,0.2973,0.1531,0.4203,0.5647,0.4077,,
554,QCOM,2018,0.2337,0.1455,0.2973,0.4203,0.5647,0.4077,
555,QCOM,2019,0.2728,0.2998,0.2337,0.2973,0.4203,0.5647,0.4077
556,QCOM,2020,0.2659,0.1707,0.2728,0.2337,0.2973,0.4203,0.5647
557,QCOM,2021,0.2387,0.1806,0.2659,0.2728,0.2337,0.2973,0.4203
558,QCOM,2022,0.3304,0.2349,0.2387,0.2659,0.2728,0.2337,0.2973
559,QCOM,2023,0.3315,0.2543,0.3304,0.2387,0.2659,0.2728,0.2337
560,SBUX,2014,0.8471,0.3926,,,,,
561,SBUX,2015,0.4547,0.2838,0.8471,,,,
562,SBUX,2016,0.2793,0.4025,0.4547,0.8471,,,
563,SBUX,2017,0.246,0.3636,0.2793,0.4547,0.8471,,
564,SBUX,2018,0.2003,0.5602,0.246,0.2793,0.4547,0.8471,
565,SBUX,2019,0.4312,0.4761,0.2003,0.246,0.2793,0.4547,0.8471
566,SBUX,2020,0.2655,0.4389,0.4312,0.2003,0.246,0.2793,0.4547
567,SBUX,2021,0.3479,0.4586,0.2655,0.4312,0.2003,0.246,0.2793
568,SBUX,2022,0.5176,0.3917,0.3479,0.2655,0.4312,0.2003,0.246
569,SBUX,2023,0.6474,0.3684,0.5176,0.3479,0.2655,0.4312,0.2003
570,SCHW,2014,0.7055,0.5468,,,,,
571,SCHW,2015,0.6565,0.4663,0.7055,,,,
572,SCHW,2016,0.5922,0.5838,0.6565,0.7055,,,
573,SCHW,2017,0.4974,0.5105,0.5922,0.6565,0.7055,,
574,SCHW,2018,0.5315,0.6814,0.4974,0.5922,0.6565,0.7055,
575,SCHW,2019,0.5387,0.4724,0.5315,0.4974,0.5922,0.6565,0.7055
576,SCHW,2020,0.475,0.5294,0.5387,0.5315,0.4974,0.5922,0.6565
577,SCHW,2021,0.6827,0.4642,0.475,0.5387,0.5315,0.4974,0.5922
578,SCHW,2022,0.5244,0.4889,0.6827,0.475,0.5387,0.5315,0.4974
579,SCHW,2023,0.3844,0.4645,0.5244,0.6827,0.475,0.5387,0.5315
580,SPGI,2014,0.5158,0.5051,,,,,
581,SPGI,2015,0.417,0.3221,0.5158,,,,
582,SPGI,2016,0.5047,0.338,0.417,0.5158,,,
583,SPGI,2017,0.515,0.4838,0.5047,0.417,0.5158,,
584,SPGI,2018,0.4934,0.4794,0.515,0.5047,0.417,0.5158,
585,SPGI,2019,0.4736,0.7435,0.4934,0.515,0.5047,0.417,0.5158
586,SPGI,2020,0.4742,0.4312,0.4736,0.4934,0.515,0.5047,0.417
587,SPGI,2021,0.442,0.452,0.4742,0.4736,0.4934,0.515,0.5047
588,SPGI,2022,0.4935,0.5215,0.442,0.4742,0.4736,0.4934,0.515
589,SPGI,2023,0.4457,0.4635,0.4935,0.442,0.4742,0.4736,0.4934
590,SYK,2014,0.3831,0.293,,,,,
591,SYK,2015,0.4637,0.4502,0.3831,,,,
592,SYK,2016,0.5298,0.3815,0.4637,0.3831,,,
593,SYK,2017,0.5499,0.2559,0.5298,0.4637,0.3831,,
594,SYK,2018,0.4456,0.318,0.5499,0.5298,0.4637,0.3831,
595,SYK,2019,0.5623,0.4326,0.4456,0.5499,0.5298,0.4637,0.3831
596,SYK,2020,0.4625,0.4021,0.5623,0.4456,0.5499,0.5298,0.4637
597,SYK,2021,0.4539,0.4616,0.4625,0.5623,0.4456,0.5499,0.5298
598,SYK,2022,0.5001,0.4066,0.4539,0.4625,0.5623,0.4456,0.5499
599,SYK,2023,0.4555,0.4317,0.5001,0.4539,0.4625,0.5623,0.4456
600,TJX,2014,0.6147,0.41,,,,,
601,TJX,2015,0.6889,0.4144,0.6147,,,,
602,TJX,2016,0.3053,0.4083,0.6889,0.6147,,,
603,TJX,2017,0.4801,0.5352,0.3053,0.6889,0.6147,,
604,TJX,2018,0.299,0.3936,0.4801,0.3053,0.6889,0.6147,
605,TJX,2019,0.5615,0.4477,0.299,0.4801,0.3053,0.6889,0.6147
606,TJX,2020,0.2959,0.3761,0.5615,0.299,0.4801,0.3053,0.6889
607,TJX,2021,0.2918,0.3995,0.2959,0.5615,0.299,0.4801,0.3053
608,TJX,2022,0.4533,0.3966,0.2918,0.2959,0.5615,0.299,0.4801
609,TJX,2023,0.4199,0.2902,0.4533,0.2918,0.2959,0.5615,0.299
610,TMO,2014,0.3176,0.425,,,,,
611,TMO,2015,0.3806,0.4513,0.3176,,,,
612,TMO,2016,0.4908,0.4629,0.3806,0.3176,,,
613,TMO,2017,0.3503,0.4191,0.4908,0.3806,0.3176,,
614,TMO,2018,0.2725,0.3511,0.3503,0.4908,0.3806,0.3176,
615,TMO,2019,0.3369,0.2636,0.2725,0.3503,0.4908,0.3806,0.3176
616,TMO,2020,0.2894,0.3673,0.3369,0.2725,0.3503,0.4908,0.3806
617,TMO,2021,0.2756,0.3166,0.2894,0.3369,0.2725,0.3503,0.4908
618,TMO,2022,0.3397,0.2244,0.2756,0.2894,0.3369,0.2725,0.3503
619,TMO,2023,0.4798,0.4548,0.3397,0.2756,0.2894,0.3369,0.2725
620,TMUS,2014,0.3672,0.2091,,,,,
621,TMUS,2015,0.4288,0.1848,0.3672,,,,
622,TMUS,2016,0.358,0.4179,0.4288,0.3672,,,
623,TMUS,2017,0.2944,0.5149,0.358,0.4288,0.3672,,
624,TMUS,2018,0.3542,0.3057,0.2944,0.358,0.4288,0.3672,
625,TMUS,2019,0.3228,0.3363,0.3542,0.2944,0.358,0.4288,0.3672
626,TMUS,2020,0.2951,0.2832,0.3228,0.3542,0.2944,0.358,0.4288
627,TMUS,2021,0.3585,0.2612,0.2951,0.3228,0.3542,0.2944,0.358
628,TMUS,2022,0.3235,0.2356,0.3585,0.2951,0.3228,0.3542,0.2944
629,TMUS,2023,0.5274,0.5136,0.3235,0.3585,0.2951,0.3228,0.3542
630,TSLA,2014,0.1855,0.1503,,,,,
631,TSLA,2015,0.1834,0.329,0.1855,,,,
632,TSLA,2016,0.1543,0.1717,0.1834,0.1855,,,
633,TSLA,2017,0.2062,0.09,0.1543,0.1834,0.1855,,
634,TSLA,2018,0.176,0.2189,0.2062,0.1543,0.1834,0.1855,
635,TSLA,2019,0.1656,0.2112,0.176,0.2062,0.1543,0.1834,0.1855
636,TSLA,2020,0.1848,0.5097,0.1656,0.176,0.2062,0.1543,0.1834
637,TSLA,2021,0.2976,0.2416,0.1848,0.1656,0.176,0.2062,0.1543
638,TSLA,2022,0.2254,0.3008,0.2976,0.1848,0.1656,0.176,0.2062
639,TSLA,2023,0.2194,0.2741,0.2254,0.2976,0.1848,0.1656,0.176
640,TXN,2014,0.3491,0.3158,,,,,
641,TXN,2015,0.3495,0.2191,0.3491,,,,
642,TXN,2016,0.5237,0.4311,0.3495,0.3491,,,
643,TXN,2017,0.3285,0.2125,0.5237,0.3495,0.3491,,
644,TXN,2018,0.3155,0.2424,0.3285,0.5237,0.3495,0.3491,
645,TXN,2019,0.2908,0.2488,0.3155,0.3285,0.5237,0.3495,0.3491
646,TXN,2020,0.4014,0.3316,0.2908,0.3155,0.3285,0.5237,0.3495
647,TXN,2021,0.3632,0.2659,0.4014,0.2908,0.3155,0.3285,0.5237
648,TXN,2022,0.3277,0.2968,0.3632,0.4014,0.2908,0.3155,0.3285
649,TXN,2023,0.3404,0.1991,0.3277,0.3632,0.4014,0.2908,0.3155
650,UNH,2014,0.465,0.5399,,,,,
651,UNH,2015,0.4519,0.271,0.465,,,,
652,UNH,2016,0.5188,0.636,0.4519,0.465,,,
653,UNH,2017,0.3372,0.443,0.5188,0.4519,0.465,,
654,UNH,2018,0.3779,0.3351,0.3372,0.5188,0.4519,0.465,
655,UNH,2019,0.3337,0.4914,0.3779,0.3372,0.5188,0.4519,0.465
656,UNH,2020,0.3042,0.2565,0.3337,0.3779,0.3372,0.5188,0.4519
657,UNH,2021,0.3188,0.3435,0.3042,0.3337,0.3779,0.3372,0.5188
658,UNH,2022,0.3766,0.503,0.3188,0.3042,0.3337,0.3779,0.3372
659,UNH,2023,0.2628,0.4777,0.3766,0.3188,0.3042,0.3337,0.3779
660,UNP,2014,0.275,0.3489,,,,,
661,UNP,2015,0.2428,0.2777,0.275,,,,
662,UNP,2016,0.2406,0.3437,0.2428,0.275,,,
663,UNP,2017,0.245,0.3273,0.2406,0.2428,0.275,,
664,UNP,2018,0.2408,0.3101,0.245,0.2406,0.2428,0.275,
665,UNP,2019,0.5878,0.4599,0.2408,0.245,0.2406,0.2428,0.275
666,UNP,2020,0.4519,0.4446,0.5878,0.2408,0.245,0.2406,0.2428
667,UNP,2021,0.2803,0.377,0.4519,0.5878,0.2408,0.245,0.2406
668,UNP,2022,0.2346,0.3495,0.2803,0.4519,0.5878,0.2408,0.245
669,UNP,2023,0.2541,0.3727,0.2346,0.2803,0.4519,0.5878,0.2408
670,UPS,2014,0.357,0.3463,,,,,
671,UPS,2015,0.254,0.5754,0.357,,,,
672,UPS,2016,0.4684,0.4299,0.254,0.357,,,
673,UPS,2017,0.4419,0.4076,0.4684,0.254,0.357,,
674,UPS,2018,0.3982,0.3396,0.4419,0.4684,0.254,0.357,
675,UPS,2019,0.2903,0.3236,0.3982,0.4419,0.4684,0.254,0.357
676,UPS,2020,0.3228,0.4112,0.2903,0.3982,0.4419,0.4684,0.254
677,UPS,2021,0.3381,0.4299,0.3228,0.2903,0.3982,0.4419,0.4684
678,UPS,2022,0.3166,0.3587,0.3381,0.3228,0.2903,0.3982,0.4419
679,UPS,2023,0.4241,0.3875,0.3166,0.3381,0.3228,0.2903,0.3982
680,V,2014,0.4884,0.3462,,,,,
681,V,2015,0.5578,0.3538,0.4884,,,,
682,V,2016,0.5975,0.3318,0.5578,0.4884,,,
683,V,2017,0.4755,0.4196,0.5975,0.5578,0.4884,,
684,V,2018,0.4407,0.2812,0.4755,0.5975,0.5578,0.4884,
685,V,2019,0.4795,0.2695,0.4407,0.4755,0.5975,0.5578,0.4884
686,V,2020,0.4957,0.3257,0.4795,0.4407,0.4755,0.5975,0.5578
687,V,2021,0.3766,0.3337,0.4957,0.4795,0.4407,0.4755,0.5975
688,V,2022,0.5276,0.2989,0.3766,0.4957,0.4795,0.4407,0.4755
689,V,2023,0.4518,0.3698,0.5276,0.3766,0.4957,0.4795,0.4407
690,VRTX,2014,0.5326,0.1244,,,,,
691,VRTX,2015,0.4074,0.2307,0.5326,,,,
692,VRTX,2016,0.4856,0.2371,0.4074,0.5326,,,
693,VRTX,2017,0.2467,0.4347,0.4856,0.4074,0.5326,,
694,VRTX,2018,0.435,0.3111,0.2467,0.4856,0.4074,0.5326,
695,VRTX,2019,0.2044,0.0896,0.435,0.2467,0.4856,0.4074,0.5326
696,VRTX,2020,0.2904,0.2515,0.2044,0.435,0.2467,0.4856,0.4074
697,VRTX,2021,0.1714,0.1981,0.2904,0.2044,0.435,0.2467,0.4856
698,VRTX,2022,0.1498,0.1446,0.1714,0.2904,0.2044,0.435,0.2467
699,VRTX,2023,0.1631,0.1548,0.1498,0.1714,0.2904,0.2044,0.435
